,,,,,,,,Performance Expectancy,,,,,,Effort Expectancy,,,,,,Social Influence,,,,,,Facilitating Condition,,,,,,Hedonic Motivation,,,,,,Price Value,,,,,,Habit,,,,,,Health Literation,,,,,,Perceived Health Risk ,,,,,,Indigenous Knowledge / Local Wisdom,,,,,,Government Support,,,,,,Security dan Privacy,,,,,,,Trust,,,,Behaviour Intention,,,,
,,,,,,,,PE1,PE2,PE3,PE4,PE5,,EE1,EE2,EE3,EE4,EE5,,SI1,SI2,SI3,SI4,SI5,,FC1,FC2,FC3,FC4,FC5,,HM1,HM2,HM3,HM4,HM5,,PV1,PV2,PV3,PV4,PV5,,HB1,HB2,HB3,HB4,HB5,,HL1,HL2,HL3,HL4,HL5,,PHR1,PHR2,PHR3,PHR4,PHR5,,IK1,IK2,IK3,IK4,IK5,,GS1,GS2,GS3,GS4,GS5,,SC1,SC2,SC3,SC4,SC5,SC6,,TR1,TR2,TR3,,BI1,BI2,BI3,BI4,BI5
Usia,Pekerjaan,Pendidikan Terakhir,Provinsi,Berapa rata-rata pendapatan keluarga Anda per bulan?,Aplikasi Kesehatan kehamilan apa yang paling sering Anda gunakan ,Berapa lama Anda telah menggunakan aplikasi kesehatan tersebut?,Performance Expectancy,"Aplikasi ini mempermudah saya dalam memperoleh informasi penting mengenai kesehatan kehamilan, seperti tips untuk menjaga kehamilan tetap sehat.","Saya percaya aplikasi ini membantu saya selama kehamilan, seperti yang disampaikan oleh bidan atau keluarga",Aplikasi ini sesuai dengan kebutuhan saya sebagai ibu hamil untuk memantau perkembangan kehamilan dan mendukung kesehatan saya serta bayi,"Aplikasi ini lebih praktis dan memberikan manfaat lebih besar dibandingkan metode lain, seperti bertanya kepada tetangga atau mencari informasi yang mungkin tidak akurat",Aplikasi ini membuat saya lebih percaya diri selama kehamilan,"Effort Expectancy        
        
        
        
        ","Aplikasi ini sangat mudah digunakan, dan saya dapat belajar cara menggunakannya dengan cepat tanpa perlu bantuan tambahan",Aplikasi ini memiliki tampilan yang sederhana dan mudah digunakan,Fitur dan fungsi aplikasi ini mudah dipahami oleh pengguna dengan keterampilan teknis dasar atau tanpa keterampilan teknis sama sekali,"Saya dapat dengan mudah menemukan informasi kesehatan maternal, seperti tips kehamilan, tanpa perlu menghabiskan banyak waktu untuk mencarinya",Aplikasi ini membantu saya mencatat informasi kesehatan dengan lebih mudah,Social Influence,"Saya menggunakan aplikasi ini karena orang-orang di sekitar saya, seperti keluarga atau petugas kesehatan, meyakini bahwa aplikasi ini bermanfaat bagi kehamilan saya",Saya menggunakan aplikasi ini karena orang yang penting bagi saya menyarankan untuk menggukaan aplikasi ini pada masa kehamilan saya,Saya menggunakan aplikasi ini karena orang yang berpengaruh dalam hidup saya menyarankan bahwa menggunakan aplikasi ini selama kehamilan adalah pilihan yang baik.,"Saya menggunakan aplikasi ini karena orang-orang di komunitas atau lingkungan sosial saya telah menggunakannya atau merekomendasikannya, sehingga saya lebih percaya diri dalam menggunakannya",Saya menggunakan aplikasi ini karena membuat saya merasa bertanggung jawab dan modern dalam mengelola kehamilan dengan bantuan teknologi,Facilitating Condition,Saya merasa percaya diri dalam menggunakan aplikasi ini dengan baik selama kehamilan saya karena saya sudah memiliki keterampilan dan pengetahuan yang diperlukan,Saya memiliki perangkat yang mendukung pengoperasian aplikasi ini.,Saya dapat meminta bantuan orang lain ketika saya merasa kesulitan saat menggunakan aplikasi ini,Saya mempunyai jaringan internet mobile atau Wi-Fi yang memadai untuk penggunaan aplikasi ini,Aplikasi ini dapat beroperasi dengan lancar pada perangkat yang saya gunakan,Hedonic Motivation,Saya merasa aplikasi ini menarik dan menyenangkan untuk digunakan selama perjalanan kesehatan maternal saya,Aplikasi ini memiliki fitur dan konten yang menarik dan membuat saya terhibur sambil belajar tentang kehamilan,Aplikasi ini menarik bagi saya dan membuat saya ingin terus menggunakan aplikasinya secara rutin,"Saya menggunakan aplikasi ini bukan hanya karena fungsinya, tapi juga karena saya menikmatinya",Saya merasa puas menggunakan aplikasi ini untuk mengakses informasi atau memantau kehamilan saya.,Price Value,Aplikasi ini menyediakan konten dan layanan berkualitas tinggi yang sesuai dengan harapan saya,Biaya penggunaan aplikasi ini (jika ada) wajar dan terjangkau dibandingkan dengan manfaat yang diberikan,Saya merasa bahwa biaya penggunaan aplikasi ini (jika ada) wajar dan terjangkau dibandingkan dengan aplikasi kesehatan maternal lainnya,Saya merasa aplikasi ini hemat dalam penggunaan data internet saat diunduh dan digunakan,"Saya merasa aplikasi ini memberikan nilai yang sangat baik untuk harganya, dengan kualitas yang baik dan harga yang terjangkau",Habit,Saya sudah pernah menggunakan aplikasi ini sebelumnya dan merasa aplikasi ini sangat berguna untuk kebutuhan saya,Saya merasa perlu menggunakan aplikasi ini saat ingin mengakses informasi atau memantau kehamilan saya.,Saya tertarik untuk menggunakan aplikasi ini secara rutin karena fitur-fiturnya yang bermanfaat dan menarik,Saya menggunakan aplikasi ini tanpa ragu ketika ingin mengakses informasi atau memantau kehamilan saya,Menggunakan aplikasi ini sudah menjadi bagian alami dari rutinitas harian saya selama kehamilan,Health Literation,Saya menggunakan aplikasi kesehatan untuk mendapatkan informasi akurat mengenai kesehatan ibu dan anak sesuai dengan kebutuhan saya,"Saya dapat memahami informasi kesehatan yang disediakan dalam aplikasi ini, seperti tentang kesehatan kehamilan dan pemeriksaan kehamilan",Saya menggunakan informasi yang saya dapatkan dari aplikasi ini untuk menjaga kesehatan kehamilan dan anak saya,"Saya dapat membedakan informasi kesehatan yang terpercaya dalam aplikasi ini dibandingkan dengan sumber lain, seperti media sosial atau cerita dari orang lain",Saya lebih percaya diri untuk berdiskusi dengan bidan atau dokter karena saya telah memahami informasi kesehatan dari aplikasi kesehatan,"Perceived Health Risk        
        
        
        
        ",Saya merasa berisiko mengalami masalah kesehatan kehamilan tanpa menggunakan aplikasi kesehatan,Saya yakin bahwa dari masalah kesehatan kehamilan yang mungkin saya alami sangat serius bagi saya dan bayi.,"Saya merasa rentan terhadap masalah kesehatan kehamilan, terutama tanpa menggunakan aplikasi kesehatan.",Saya menggunakan aplikasi ini karena saya ingin menghindari konsekuensi jangka panjang dari masalah kesehatan kehamilan.,Saya merasa lebih memahami risiko kehamilan yang sebelumnya tidak saya ketahui setelah menggunakan aplikasi ini,"Indigenous Knowledge / Local Wisdom        
        
        
        
        
        
        
        
        
        ","Saya merasa bahwa pengetahuan lokal (saran / pantangan makanan tradisional / jamu, saran/pantangan aktivitas tertentu ) mengenai kehamilan masih relevan untuk diterapkan saat ini.",Saya lebih nyaman menggunakan aplikasi jika informasi yang diberikan mempertimbangkan budaya lokal.,Saya akan lebih tertarik menggunakan aplikasi jika ada fitur yang menampilkan saran dari bidan desa atau dukun anak.,Saya akan merasa lebih yakin jika aplikasi ini disarankan oleh tokoh masyarakat atau dukun bayi.,Saya merasa penting bahwa aplikasi ini bisa menjadi wadah untuk melestarikan praktik lokal terkait kesehatan ibu dan anak.,Government Support,Pemerintah aktif mendukung program dengan mengadakan pelatihan atau sosialisasi mengenai cara penggunaan aplikasi kesehatan. ,Pemerintah telah mengatur kebijakan yang jelas untuk penggunaan aplikasi kesehatan ibu hamil. ,"Pemerintah menyediakan fasilitas yang memudahkan saya mengakses aplikasi kesehatan (misalnya Wi-Fi, pelatihan, atau alat digital). ",Pemerintah mendukung penggunaan aplikasi ini melalui subsidi atau bantuan biaya. ,Pemerintah aktif mempromosikan aplikasi kesehatan ini melalui media lokal atau kegiatan di desa. ,Security dan Privacy,"Saya merasa bahwa data pribadi saya dilindungi dengan baik oleh aplikasi ini, sehingga saya tidak khawatir mengenai kebocoran atau penyalahgunaan informasi saya.","Saya merasa bahwa sistem autentikasi yang digunakan dalam aplikasi ini sangat kuat dan aman, sehingga hanya saya yang dapat mengakses akun saya dengan mudah dan nyaman.","Saya yakin bahwa setiap informasi yang saya bagikan melalui aplikasi ini telah dienkripsi dengan baik, sehingga tetap terjaga kerahasiaannya dan tidak dapat diakses oleh pihak yang tidak berwenang.","Saya yakin bahwa aplikasi ini benar-benar menjaga kerahasiaan data pribadi saya dengan baik, sehingga saya merasa aman dalam menggunakannya setiap hari.","Informasi yang diberikan oleh aplikasi ini tentang bagaimana data pribadi saya digunakan sangat jelas dan transparan, sehingga saya memahami dengan baik bagaimana data saya dikelola.",Aplikasi ini meminta izin saya sebelum data pribadi digunakan untuk tujuan tertentu.,Trust,Saya percaya aplikasi ini dikembangkan oleh tenaga ahli di bidang kesehatan ibu dan anak,Saya percaya bahwa aplikasi ini dirancang untuk membantu kesehatan saya dan janin saya,Saya merasa nyaman menggunakan aplikasi ini untuk memantau kesehatan saya selama kehamilan,Behaviour Intention,Saya berencana untuk terus menggunakan aplikasi kesehatan untuk kebutuhan kesehatan maternal di masa depan,Saya berencana untuk lebih sering menggunakan aplikasi kesehatan untuk kebutuhan kesehatan maternal di masa depan,Saya akan lebih memilih menggunakan di aplikasi ini dibandingkan dengan aplikasi kesehatan maternal lainnya      ,Saya akan merekomendasikan aplikasi ini kepada wanita hamil lain di komunitas saya,Saya yakin aplikasi ini menyediakan informasi dan layanan berkualitas tinggi yang dapat diandalkan untuk memenuhi kebutuhan kesehatan maternal saya.
31 -35 Tahun,Guru / Dosen,,Jawa Tengah,Rp2.500.000 - Rp5.000.000,theAsianparent,> 2 Tahun,,4,3,3,3,3,,3,4,4,3,3,,3,3,3,3,3,,3,3,3,3,3,,4,3,3,3,3,,3,3,3,3,3,,3,3,3,3,3,,3,3,3,3,3,,2,2,2,2,2,,2,3,3,2,2,,3,3,3,2,2,,3,3,3,3,3,3,,3,3,3,,4,3,3,4,4
20 - 25 Tahun,Wiraswasta/Pemilik Bisnis,,Jawa Tengah,Rp5.000.000 - Rp10.000.000,HalloBumil,< 1 Tahun,,4,4,4,4,4,,4,4,4,4,4,,4,4,4,4,4,,4,4,4,4,4,,4,4,4,4,4,,4,4,4,4,4,,4,4,4,4,4,,4,4,4,4,4,,4,4,4,4,4,,4,4,4,4,4,,4,4,4,4,4,,4,4,4,4,4,4,,4,4,4,,4,4,4,4,4
31 -35 Tahun,Ibu rumah tangga,,Jawa Timur,Rp5.000.000 - Rp10.000.000,theAsianparent,< 1 Tahun,,3,4,3,3,4,,3,3,3,3,3,,3,3,2,2,3,,4,4,2,4,4,,4,4,4,4,4,,4,4,4,4,4,,4,4,4,4,4,,4,3,3,4,3,,4,4,4,4,4,,3,3,2,2,3,,3,4,1,1,1,,4,3,3,3,3,3,,3,3,3,,4,3,3,4,4
26 - 30 Tahun,Pegawai Swasta,,DKI Jakarta,> Rp10.000.000,Pregnancy+,< 1 Tahun,,3,3,3,3,3,,3,3,3,3,3,,3,3,3,3,3,,3,3,3,3,3,,3,3,3,3,3,,3,3,3,3,3,,3,3,3,3,3,,3,3,3,3,3,,3,3,3,3,3,,3,3,2,2,3,,2,2,2,2,2,,3,3,3,3,3,3,,3,3,3,,3,3,3,3,3
20 - 25 Tahun,Pegawai Swasta,,Jambi,Rp5.000.000 - Rp10.000.000,Flo,> 2 Tahun,,4,4,4,2,2,,4,4,4,4,4,,1,1,1,1,3,,3,4,1,4,4,,4,4,4,4,4,,4,3,3,4,3,,4,3,4,4,4,,4,4,4,4,4,,1,3,2,3,3,,2,1,1,1,1,,1,3,1,1,1,,4,3,4,4,3,3,,4,4,4,,4,3,4,2,3
20 - 25 Tahun,Guru / Dosen,,Jawa Barat,Rp1.000.000 - Rp2.500.000,Flo,> 2 Tahun,,3,3,3,3,3,,3,3,3,3,3,,3,3,3,3,3,,3,3,3,3,3,,3,3,3,3,3,,3,3,3,3,3,,3,3,3,3,3,,3,3,3,3,3,,3,3,3,3,3,,3,3,1,3,3,,3,3,3,2,2,,3,3,3,3,3,3,,3,3,3,,3,3,3,3,3
> 35 Tahun,Guru / Dosen,,Jawa Barat,Rp5.000.000 - Rp10.000.000,amma,< 1 Tahun,,4,4,4,4,4,,4,4,4,4,4,,3,3,3,3,4,,4,4,3,4,4,,4,4,3,3,4,,4,3,3,3,3,,4,4,4,4,4,,4,4,4,4,4,,3,4,3,4,4,,3,4,3,3,4,,3,3,3,3,3,,4,4,4,4,4,3,,4,4,4,,4,3,3,3,4
20 - 25 Tahun,Pegawai Swasta,,Jawa Barat,Rp2.500.000 - Rp5.000.000,Flo,1 - 2 Tahun,,4,4,4,4,3,,4,4,4,4,4,,3,3,3,3,3,,4,4,3,4,4,,4,3,3,3,3,,3,2,2,4,3,,3,3,4,4,3,,3,3,3,4,3,,2,4,2,4,3,,1,4,4,1,4,,4,4,4,4,4,,3,3,4,3,3,3,,4,4,4,,3,3,2,3,3
20 - 25 Tahun,PNS,,Sumatera Selatan,Rp5.000.000 - Rp10.000.000,Pregnancy+,< 1 Tahun,,4,4,4,4,4,,4,4,4,4,3,,4,4,4,4,4,,4,4,3,3,4,,4,4,3,4,4,,4,4,4,4,4,,4,4,4,4,4,,4,4,4,4,4,,3,3,3,3,3,,3,4,4,4,4,,1,1,1,1,1,,4,4,4,4,4,4,,4,4,3,,4,4,4,4,4
26 - 30 Tahun,Pegawai Swasta,,Lampung,Rp2.500.000 - Rp5.000.000,Pregnancy+,< 1 Tahun,,4,4,4,4,4,,4,4,4,4,4,,4,4,4,4,4,,4,4,4,4,4,,4,4,4,4,4,,4,3,4,4,4,,4,4,4,4,4,,4,4,4,4,4,,4,4,4,4,4,,4,4,4,3,4,,4,4,3,3,3,,4,4,4,4,4,4,,4,4,4,,4,4,4,4,4
20 - 25 Tahun,Ibu rumah tangga,,Jawa Barat,< Rp1.000.000,Tentang Anak,1 - 2 Tahun,,4,4,4,4,4,,4,4,4,4,4,,4,4,4,4,4,,4,4,4,4,4,,4,4,4,4,4,,4,4,4,4,4,,4,4,4,4,2,,3,3,3,3,3,,3,3,3,3,3,,4,4,4,4,4,,4,4,4,3,4,,4,4,4,4,4,4,,4,4,4,,3,3,3,3,3
26 - 30 Tahun,Ibu rumah tangga,,Daerah Istimewa Yogyakarta,Rp1.000.000 - Rp2.500.000,theAsianparent,< 1 Tahun,,4,4,4,4,4,,4,4,4,4,4,,3,3,3,3,3,,3,3,3,3,3,,3,3,3,3,3,,3,3,3,3,3,,3,3,3,3,3,,3,3,3,3,3,,3,3,3,3,3,,2,2,2,2,3,,4,4,3,4,3,,4,4,4,4,4,4,,4,4,4,,3,3,3,3,3
20 - 25 Tahun,Ibu rumah tangga,,Jawa Barat,Rp1.000.000 - Rp2.500.000,Pregnancy+,< 1 Tahun,,3,3,3,3,4,,4,4,4,4,3,,3,3,3,3,3,,3,3,3,3,3,,3,3,3,3,3,,3,3,3,3,3,,3,3,3,3,3,,3,3,3,3,3,,2,2,2,3,2,,3,3,3,2,3,,3,3,2,3,2,,3,3,3,3,3,3,,3,3,3,,3,3,3,3,3
26 - 30 Tahun,Wiraswasta/Pemilik Bisnis,,Jawa Barat,Rp5.000.000 - Rp10.000.000,Pregnancy+,< 1 Tahun,,3,3,3,3,3,,3,3,3,3,3,,3,3,3,3,3,,3,3,3,3,3,,3,3,3,3,3,,3,1,1,3,3,,1,3,3,2,2,,2,3,3,3,3,,3,2,2,3,3,,3,1,1,1,3,,1,1,1,1,1,,3,3,3,3,3,3,,3,3,3,,3,3,3,3,3
26 - 30 Tahun,Ibu rumah tangga,,Jawa Timur,Rp2.500.000 - Rp5.000.000,Tentang Anak,> 2 Tahun,,3,4,4,4,4,,4,4,4,2,1,,1,1,1,1,4,,4,4,4,4,4,,4,3,4,4,4,,4,1,1,4,4,,4,4,4,4,4,,4,3,4,3,4,,4,4,4,4,4,,1,1,1,1,1,,1,1,1,1,1,,4,3,4,4,4,2,,4,4,4,,4,4,3,3,3
20 - 25 Tahun,Lainnya,,Jawa Timur,Rp1.000.000 - Rp2.500.000,Pregnancy+,< 1 Tahun,,3,3,3,3,3,,4,4,4,4,4,,3,3,3,3,3,,3,3,3,3,3,,3,4,4,4,4,,4,4,4,4,4,,3,3,3,3,4,,4,4,4,4,4,,4,3,3,4,3,,4,3,3,3,3,,4,4,3,3,3,,4,4,4,4,4,4,,4,4,3,,4,4,4,4,4
20 - 25 Tahun,Ibu rumah tangga,,Jawa Tengah,Rp5.000.000 - Rp10.000.000,Kalender saya,< 1 Tahun,,3,3,3,2,3,,4,4,4,3,3,,2,1,1,1,3,,3,4,4,4,4,,3,3,3,3,3,,3,3,3,3,3,,3,4,3,3,4,,3,3,3,2,2,,2,2,2,2,2,,2,2,3,1,3,,1,1,1,1,1,,3,3,3,3,3,4,,3,3,3,,3,3,3,3,3
20 - 25 Tahun,Ibu rumah tangga,,Jawa Barat,Rp1.000.000 - Rp2.500.000,MeetYou,> 2 Tahun,,3,3,3,3,3,,3,3,3,3,3,,2,2,2,2,2,,3,4,2,4,4,,3,3,3,3,3,,3,3,3,3,3,,3,3,3,3,3,,3,4,4,2,3,,2,2,2,3,3,,3,2,2,1,2,,2,2,1,1,1,,3,3,3,3,3,3,,3,3,4,,4,4,3,3,3
31 -35 Tahun,Pegawai Swasta,,Jawa Timur,Rp2.500.000 - Rp5.000.000,Flo,> 2 Tahun,,4,4,4,3,4,,3,4,4,4,4,,3,3,3,3,3,,3,3,3,3,4,,4,4,3,3,4,,3,3,4,3,3,,4,4,3,4,4,,3,3,3,3,3,,3,3,2,3,3,,3,3,3,3,3,,3,3,3,3,3,,4,4,3,4,4,4,,3,4,4,,3,3,3,3,3
20 - 25 Tahun,Ibu rumah tangga,,Jawa Timur,Rp2.500.000 - Rp5.000.000,Pregnancy+,< 1 Tahun,,4,4,4,4,4,,4,4,4,4,4,,4,4,4,4,4,,4,4,4,4,4,,4,4,4,4,4,,4,4,4,4,4,,4,4,4,4,4,,4,4,4,4,4,,4,4,4,4,4,,2,4,4,4,4,,4,4,4,2,2,,4,4,4,4,4,4,,4,4,4,,4,4,4,4,4
26 - 30 Tahun,Ibu rumah tangga,,Jawa Barat,Rp1.000.000 - Rp2.500.000,Teman Bumil,< 1 Tahun,,4,3,3,3,3,,4,4,3,4,3,,3,4,4,4,3,,3,3,3,3,2,,3,3,3,3,3,,3,2,2,3,2,,3,3,3,3,3,,3,3,3,3,3,,2,2,2,3,3,,3,3,3,2,3,,2,2,2,2,2,,3,3,3,3,3,3,,3,3,4,,3,3,2,3,3
26 - 30 Tahun,Tenaga Kesehatan Dokter/Bidan/Perawat,,Jawa Tengah,Rp5.000.000 - Rp10.000.000,HalloBumil,< 1 Tahun,,3,3,3,4,4,,4,4,3,3,4,,4,4,3,3,4,,3,3,3,4,3,,4,3,3,3,4,,4,3,3,3,3,,3,3,3,3,3,,3,4,3,4,3,,3,3,3,3,3,,3,3,3,3,3,,3,3,4,3,3,,3,3,3,3,3,3,,3,3,3,,3,3,3,3,3
26 - 30 Tahun,Guru / Dosen,,Bengkulu,Rp1.000.000 - Rp2.500.000,Flo,1 - 2 Tahun,,3,3,3,3,3,,3,3,3,3,3,,3,3,3,3,3,,3,3,3,3,3,,3,3,3,3,3,,3,3,3,3,3,,3,3,3,3,3,,3,3,3,3,3,,3,4,3,3,3,,3,3,2,1,2,,2,2,2,2,2,,3,3,3,3,3,3,,3,3,3,,3,3,3,3,3
> 35 Tahun,Ibu rumah tangga,,Jawa Timur,Rp2.500.000 - Rp5.000.000,Tentang Anak,> 2 Tahun,,4,4,4,4,4,,4,4,4,4,4,,4,4,4,4,4,,4,4,4,4,4,,4,4,4,4,4,,4,4,4,4,4,,4,4,4,4,4,,4,4,4,4,4,,2,2,2,2,4,,3,4,1,1,4,,4,4,4,3,2,,4,4,4,4,4,4,,4,4,4,,4,4,4,4,4
31 -35 Tahun,PNS,,Jawa Timur,Rp5.000.000 - Rp10.000.000,Flo,< 1 Tahun,,3,3,3,3,3,,3,2,3,3,3,,3,3,3,3,3,,3,3,3,4,3,,3,3,3,3,3,,4,4,4,4,4,,4,4,3,3,3,,3,4,4,4,4,,4,4,4,4,4,,3,4,2,3,3,,3,4,3,4,4,,2,3,4,3,3,3,,3,3,3,,4,3,4,3,4
20 - 25 Tahun,Guru / Dosen,,Jawa Barat,Rp1.000.000 - Rp2.500.000,Flo,< 1 Tahun,,4,4,4,4,4,,4,4,4,4,4,,4,4,4,4,4,,4,4,4,4,4,,4,4,4,4,4,,4,4,4,4,4,,4,4,4,4,4,,4,4,4,4,4,,2,2,2,4,3,,3,4,4,2,4,,4,4,4,4,4,,4,4,4,4,4,4,,4,4,4,,3,3,3,4,4
26 - 30 Tahun,Tenaga Kesehatan Dokter/Bidan/Perawat,,DKI Jakarta,Rp5.000.000 - Rp10.000.000,Flo,> 2 Tahun,,2,2,3,1,2,,2,2,2,2,3,,2,2,2,2,2,,3,2,2,2,2,,2,2,2,2,2,,2,2,2,2,2,,2,2,2,2,2,,3,3,3,3,3,,2,2,2,2,2,,1,1,1,1,1,,1,1,1,1,1,,3,3,3,3,3,3,,3,3,3,,3,3,3,3,3
26 - 30 Tahun,Ibu rumah tangga,,Jawa Barat,Rp2.500.000 - Rp5.000.000,Teman Bumil,> 2 Tahun,,4,2,4,4,4,,4,4,4,4,4,,2,1,1,1,4,,4,4,1,4,4,,4,4,4,4,4,,4,4,4,4,4,,4,4,4,4,4,,4,4,4,4,4,,4,4,4,4,4,,2,1,1,1,1,,1,1,1,1,1,,4,4,4,4,4,2,,4,4,4,,4,4,4,4,4
26 - 30 Tahun,Ibu rumah tangga,,Jawa Timur,Rp2.500.000 - Rp5.000.000,Meet you,1 - 2 Tahun,,4,4,4,4,4,,4,4,4,4,4,,1,1,1,4,4,,4,4,4,4,4,,4,4,4,4,4,,4,4,4,4,4,,4,4,4,4,4,,4,4,4,2,3,,2,1,2,4,4,,2,2,2,3,4,,4,3,2,2,2,,4,4,4,4,4,4,,4,4,4,,4,4,4,4,4
31 -35 Tahun,Ibu rumah tangga,,Jawa Barat,Rp5.000.000 - Rp10.000.000,theAsianparent,> 2 Tahun,,4,4,4,3,3,,4,3,3,4,4,,1,1,1,3,3,,3,4,1,4,4,,4,4,4,4,4,,4,4,3,3,3,,4,4,4,4,3,,4,3,3,2,4,,3,4,4,3,4,,2,4,3,1,3,,1,1,1,1,1,,3,2,4,3,3,3,,3,3,3,,3,2,3,4,4
> 35 Tahun,Ibu rumah tangga,,Jawa Barat,Rp5.000.000 - Rp10.000.000,Tentang Anak,1 - 2 Tahun,,3,3,3,3,3,,3,3,3,3,3,,3,3,3,3,3,,3,3,3,3,3,,3,3,3,3,3,,3,3,3,3,3,,3,3,3,3,3,,3,3,3,3,3,,3,3,3,3,3,,3,3,3,3,3,,3,4,3,3,3,,3,3,3,3,3,3,,3,3,3,,3,3,3,3,3
31 -35 Tahun,PNS,,Jawa Tengah,Rp5.000.000 - Rp10.000.000,theAsianparent,< 1 Tahun,,3,3,3,3,4,,4,4,3,4,4,,4,2,3,3,3,,3,4,2,4,4,,4,3,3,4,4,,4,3,3,4,4,,3,4,3,4,3,,3,4,4,2,2,,3,3,3,4,4,,2,3,2,2,3,,3,2,3,3,3,,3,4,3,4,3,4,,4,4,4,,2,2,2,2,2
> 35 Tahun,Ibu rumah tangga,,Jawa Tengah,Rp5.000.000 - Rp10.000.000,Tidak pernah menggunakan aplikasi kesehatan kehamilan,Tidak Pernah Menggunakan Aplikasi,,3,3,3,3,3,,3,3,3,3,3,,3,3,3,3,3,,3,3,3,3,3,,3,3,3,3,3,,3,3,3,3,3,,3,3,3,3,3,,3,3,3,3,3,,3,3,3,3,3,,3,3,3,3,3,,3,3,3,3,3,,3,3,3,3,3,3,,3,3,3,,3,3,3,3,3
31 -35 Tahun,Lainnya,,Jawa Tengah,> Rp10.000.000,PrimaKu,1 - 2 Tahun,,3,3,3,3,3,,3,3,3,3,4,,2,2,2,2,3,,3,3,3,3,3,,3,3,2,2,3,,3,2,2,2,2,,2,2,2,3,2,,3,3,3,3,3,,2,3,2,2,3,,2,2,1,1,2,,2,2,2,1,1,,2,2,2,2,2,3,,3,3,3,,3,3,3,3,3
31 -35 Tahun,Pegawai Swasta,,Jawa Tengah,Rp2.500.000 - Rp5.000.000,Flo,> 2 Tahun,,3,3,3,3,3,,3,3,2,3,3,,3,3,3,4,4,,3,3,3,3,3,,3,3,3,3,3,,3,3,3,3,3,,3,3,3,3,3,,3,3,3,3,3,,2,2,2,2,2,,3,3,3,2,3,,3,3,3,1,1,,4,4,4,3,3,3,,3,3,3,,2,2,2,3,3
> 35 Tahun,Wiraswasta/Pemilik Bisnis,,Jawa Tengah,Rp2.500.000 - Rp5.000.000,Tidak pernah menggunakan aplikasi kesehatan kehamilan,Tidak Pernah Menggunakan Aplikasi,,3,3,3,3,3,,3,3,3,3,3,,3,3,3,3,3,,3,3,3,3,3,,3,3,3,3,3,,3,3,3,3,3,,3,3,3,3,3,,3,3,3,3,3,,2,2,2,3,3,,3,3,3,3,3,,3,3,3,3,3,,3,3,3,3,3,3,,3,3,3,,3,3,3,3,3
31 -35 Tahun,Lainnya,,Jawa Tengah,Rp2.500.000 - Rp5.000.000,Tidak pernah menggunakan aplikasi kesehatan kehamilan,Tidak Pernah Menggunakan Aplikasi,,3,3,3,2,3,,2,3,3,3,3,,3,3,3,2,3,,2,3,3,3,3,,3,3,2,3,3,,3,2,2,3,3,,3,3,3,3,2,,3,3,3,3,3,,3,3,3,3,3,,2,3,3,3,3,,3,3,3,3,3,,3,3,3,3,3,3,,3,3,3,,3,3,3,3,3
> 35 Tahun,Pegawai Swasta,,Jawa Tengah,Rp5.000.000 - Rp10.000.000,Teman Bumil,< 1 Tahun,,4,4,4,4,4,,4,4,4,4,4,,4,4,4,4,4,,4,4,4,4,4,,4,4,4,4,4,,4,4,4,4,4,,4,4,4,4,4,,4,4,4,4,4,,4,4,4,4,4,,3,3,1,2,2,,4,4,4,4,4,,4,4,4,4,4,4,,4,4,4,,4,4,4,4,4
> 35 Tahun,Ibu rumah tangga,,Jawa Tengah,> Rp10.000.000,Tidak pernah menggunakan aplikasi kesehatan kehamilan,Tidak Pernah Menggunakan Aplikasi,,4,4,4,4,4,,4,4,4,4,4,,4,4,4,4,4,,4,4,4,4,4,,4,4,4,4,4,,4,4,4,4,4,,4,4,4,4,4,,4,4,4,4,4,,4,4,4,4,4,,4,2,1,1,4,,4,4,4,4,4,,4,4,4,4,4,4,,4,4,4,,4,4,4,4,4
26 - 30 Tahun,Pegawai Swasta,,Jawa Tengah,Rp2.500.000 - Rp5.000.000,Flo,1 - 2 Tahun,,2,2,2,1,2,,2,2,2,1,2,,1,4,3,2,2,,1,1,2,2,2,,2,2,3,2,2,,2,2,2,2,2,,2,2,2,2,2,,1,1,1,1,1,,1,1,1,1,1,,1,4,1,1,2,,2,3,2,1,2,,2,3,3,2,1,2,,1,2,3,,1,1,1,1,1
> 35 Tahun,Ibu rumah tangga,,Jawa Tengah,> Rp10.000.000,Tidak pernah menggunakan aplikasi kesehatan kehamilan,Tidak Pernah Menggunakan Aplikasi,,3,3,3,3,3,,3,3,3,3,3,,3,3,3,3,3,,3,3,3,3,3,,3,3,3,3,3,,3,3,3,3,3,,3,3,3,3,3,,3,3,3,3,3,,2,3,2,3,3,,3,3,3,2,3,,3,3,3,3,3,,3,3,3,3,3,3,,3,3,3,,3,3,3,3,3
> 35 Tahun,Tenaga Kesehatan Dokter/Bidan/Perawat,,Jawa Tengah,> Rp10.000.000,Tidak pernah menggunakan aplikasi kesehatan kehamilan,Tidak Pernah Menggunakan Aplikasi,,4,4,4,4,4,,4,4,4,4,4,,4,4,4,4,4,,4,4,4,4,4,,4,4,4,4,4,,4,4,4,4,4,,4,4,4,4,4,,4,4,4,4,4,,4,4,4,4,4,,2,4,4,1,4,,3,3,3,3,4,,4,4,4,4,4,4,,4,4,4,,4,4,4,4,4
20 - 25 Tahun,Lainnya,,Jawa Barat,Rp1.000.000 - Rp2.500.000,Tidak pernah menggunakan aplikasi kesehatan kehamilan,Tidak Pernah Menggunakan Aplikasi,,4,4,4,4,4,,4,4,4,4,4,,4,4,4,4,4,,4,4,4,4,4,,4,4,4,4,4,,4,4,4,4,4,,4,4,4,4,4,,4,4,4,4,4,,4,4,4,4,4,,4,4,4,4,4,,4,4,4,4,4,,4,4,4,4,4,4,,4,4,4,,4,4,4,4,4
> 35 Tahun,Guru / Dosen,,Jawa Tengah,Rp1.000.000 - Rp2.500.000,Tidak pernah menggunakan aplikasi kesehatan kehamilan,Tidak Pernah Menggunakan Aplikasi,,4,4,4,4,4,,4,4,4,4,4,,4,4,4,4,4,,4,4,4,4,4,,4,4,4,4,4,,4,4,4,4,4,,4,4,4,4,4,,4,4,4,4,2,,3,3,3,4,4,,3,2,2,1,3,,4,4,4,4,4,,4,4,4,4,4,4,,4,4,4,,4,3,4,4,4
31 -35 Tahun,PNS,,Jawa Tengah,Rp2.500.000 - Rp5.000.000,Pregnancy+,< 1 Tahun,,4,4,4,4,4,,4,4,4,4,4,,4,4,4,4,4,,4,4,4,4,4,,4,4,4,4,4,,4,4,4,4,4,,3,4,4,4,4,,4,4,4,3,4,,4,4,4,4,4,,2,2,2,2,3,,4,3,3,3,3,,3,3,3,3,3,3,,3,3,3,,4,3,3,4,4
26 - 30 Tahun,Pegawai Swasta,,Banten,> Rp10.000.000,Tentang Anak,> 2 Tahun,,3,3,3,3,3,,3,3,3,3,3,,3,3,3,3,3,,3,3,3,3,3,,3,3,3,3,3,,3,3,3,3,3,,3,3,3,3,3,,3,3,3,3,4,,3,3,3,3,3,,2,2,1,2,2,,3,3,3,3,3,,3,3,3,3,2,3,,3,3,3,,3,3,3,3,3
> 35 Tahun,Ibu rumah tangga,S1,Jawa Tengah,> Rp10.000.000,Tidak pernah menggunakan aplikasi kesehatan kehamilan,Tidak Pernah Menggunakan Aplikasi,,4,4,4,4,4,,4,4,3,4,4,,4,4,4,4,4,,2,4,4,4,4,,4,4,4,4,4,,4,4,4,4,4,,4,4,4,4,4,,4,4,4,4,3,,1,1,1,4,4,,4,4,4,4,4,,4,4,4,4,4,,4,4,4,4,4,4,,4,4,4,,4,4,4,4,4
> 35 Tahun,Guru / Dosen,S3,Jawa Barat,Rp5.000.000 - Rp10.000.000,Flo,> 2 Tahun,,3,3,3,3,3,,3,3,3,3,3,,2,2,2,2,3,,4,4,3,4,4,,3,3,3,3,3,,3,3,3,3,3,,3,3,3,3,3,,3,3,3,3,3,,2,2,2,2,2,,2,3,2,2,3,,2,2,2,2,2,,2,3,2,3,2,3,,3,3,3,,3,3,3,3,3
> 35 Tahun,Pegawai Swasta,S1,Jawa Tengah,> Rp10.000.000,Tidak pernah menggunakan aplikasi kesehatan kehamilan,Tidak Pernah Menggunakan Aplikasi,,4,4,4,4,4,,4,4,4,4,4,,4,4,4,4,4,,4,4,4,4,4,,4,4,2,2,4,,4,4,4,4,4,,1,2,2,2,1,,4,4,4,4,4,,4,4,4,4,4,,4,4,4,4,4,,4,4,4,4,4,,4,4,4,4,4,4,,4,4,4,,1,1,1,4,4
> 35 Tahun,Ibu rumah tangga,S1,Jawa Tengah,Rp2.500.000 - Rp5.000.000,HalloBumil,1 - 2 Tahun,,3,3,3,3,3,,3,3,4,3,4,,4,4,4,4,4,,4,4,4,4,4,,4,3,3,3,4,,3,3,4,4,3,,4,4,4,4,4,,3,3,3,3,3,,3,2,3,3,3,,3,3,3,3,3,,3,3,2,2,2,,3,4,4,3,4,3,,4,3,3,,4,4,3,3,3
26 - 30 Tahun,Ibu rumah tangga,S1,Jawa Barat,> Rp10.000.000,theAsianparent,> 2 Tahun,,3,3,3,3,3,,3,3,3,3,3,,2,2,2,2,3,,3,3,3,3,3,,3,3,3,3,3,,3,3,3,3,3,,3,3,3,3,3,,3,3,3,3,3,,2,2,2,2,3,,2,3,3,2,3,,2,2,2,2,2,,3,3,3,3,3,3,,3,3,3,,3,3,2,2,3
26 - 30 Tahun,Petani,SMP,Jawa Tengah,> Rp10.000.000,theAsianparent,< 1 Tahun,,4,4,2,3,4,,4,4,4,4,4,,4,4,4,4,4,,4,4,4,3,4,,4,3,3,4,4,,4,4,4,4,4,,4,4,4,4,4,,2,3,3,1,2,,4,4,3,1,2,,4,4,4,4,4,,4,4,4,4,3,,4,4,4,3,4,4,,4,4,4,,4,1,3,4,2
> 35 Tahun,Ibu rumah tangga,S2,Jawa Barat,> Rp10.000.000,Pregnancy+,< 1 Tahun,,4,4,4,4,4,,4,4,4,3,4,,2,2,2,1,3,,4,4,4,4,4,,4,4,4,4,4,,4,4,4,4,4,,4,4,4,4,4,,4,4,4,4,4,,1,1,1,1,1,,3,2,1,1,3,,2,2,2,1,1,,3,3,3,2,2,2,,2,2,2,,4,4,4,4,4
26 - 30 Tahun,Pegawai Swasta,S1,Jawa Barat,Rp5.000.000 - Rp10.000.000,Flo,> 2 Tahun,,3,3,3,3,3,,3,3,3,3,3,,3,3,3,3,3,,3,3,3,3,3,,3,3,3,3,3,,3,3,3,3,3,,3,3,3,3,3,,3,3,3,3,4,,1,3,1,3,3,,2,3,2,2,4,,2,2,2,1,1,,3,3,3,3,3,3,,3,3,3,,3,3,3,3,3
> 35 Tahun,Ibu rumah tangga,S1,Jawa Tengah,Rp1.000.000 - Rp2.500.000,Tidak pernah menggunakan aplikasi kesehatan kehamilan,Tidak Pernah Menggunakan Aplikasi,,4,3,4,4,4,,3,3,3,4,4,,4,4,3,4,3,,3,4,4,4,4,,4,3,3,3,3,,3,2,3,3,3,,3,3,3,3,3,,4,4,4,4,4,,3,3,3,4,4,,4,4,3,1,4,,4,4,4,4,4,,3,3,3,3,3,3,,3,3,3,,4,4,4,4,4
26 - 30 Tahun,Ibu rumah tangga,SMA,Jambi,Rp2.500.000 - Rp5.000.000,HalloBumil,< 1 Tahun,,3,3,3,3,3,,3,3,3,3,3,,2,2,2,2,3,,3,3,3,3,3,,3,3,2,2,3,,3,3,3,3,3,,2,3,3,3,2,,2,2,3,3,3,,2,3,2,2,3,,3,2,2,2,2,,2,2,2,2,2,,2,3,2,2,2,3,,3,3,3,,2,2,2,2,2
26 - 30 Tahun,Ibu rumah tangga,S1,Papua Tengah,> Rp10.000.000,theAsianparent,< 1 Tahun,,4,4,4,4,4,,4,4,4,4,4,,3,4,4,3,4,,3,4,4,4,4,,3,4,4,4,4,,3,4,4,3,4,,3,4,3,4,4,,3,3,3,3,3,,2,4,3,3,3,,3,3,3,3,3,,3,3,2,2,2,,4,3,4,4,4,3,,3,3,4,,3,3,3,3,3
26 - 30 Tahun,Ibu rumah tangga,Diploma,Jambi,Rp2.500.000 - Rp5.000.000,Diary Bunda,1 - 2 Tahun,,3,3,3,4,4,,4,3,4,4,3,,3,3,4,3,3,,4,4,4,4,4,,4,4,3,3,3,,3,3,3,3,3,,3,3,3,4,3,,3,4,4,4,3,,2,4,3,3,4,,2,4,3,3,4,,4,4,2,2,2,,3,3,3,3,3,4,,4,4,3,,3,3,3,3,3
26 - 30 Tahun,Ibu rumah tangga,S1,Banten,Rp2.500.000 - Rp5.000.000,theAsianparent,1 - 2 Tahun,,3,3,3,3,4,,3,3,3,3,3,,3,3,3,3,3,,4,3,3,3,3,,3,3,3,3,3,,3,3,3,3,3,,4,3,3,3,3,,3,3,3,4,4,,3,3,3,3,3,,1,2,3,1,3,,3,3,3,2,3,,4,3,3,3,3,4,,4,4,4,,3,3,3,3,3
26 - 30 Tahun,Ibu rumah tangga,S1,Sulawesi Selatan,Rp2.500.000 - Rp5.000.000,Pregnancy+,< 1 Tahun,,4,3,4,4,4,,4,4,4,4,4,,4,4,4,4,4,,4,4,4,4,4,,4,4,4,4,4,,4,4,4,4,4,,4,4,4,4,4,,4,4,4,4,4,,2,3,2,3,3,,3,2,2,1,4,,3,2,3,1,1,,4,4,4,4,4,4,,4,4,4,,4,4,4,4,4
> 35 Tahun,Ibu rumah tangga,Diploma,Banten,> Rp10.000.000,Tidak pernah menggunakan aplikasi kesehatan kehamilan,Tidak Pernah Menggunakan Aplikasi,,4,4,4,4,4,,4,4,4,4,4,,4,4,4,4,4,,4,4,4,4,4,,4,4,4,4,4,,4,4,4,4,4,,4,4,4,4,4,,4,4,4,4,4,,4,4,4,4,4,,4,4,4,4,4,,4,4,4,4,4,,4,4,4,4,4,4,,4,4,4,,4,4,4,4,4
26 - 30 Tahun,Pegawai Swasta,SMP,Banten,Rp2.500.000 - Rp5.000.000,Tidak pernah menggunakan aplikasi kesehatan kehamilan,< 1 Tahun,,2,2,2,2,2,,2,2,2,2,2,,3,3,3,3,2,,2,3,2,4,3,,2,2,2,2,3,,2,2,2,3,2,,2,3,2,3,2,,3,3,3,3,2,,2,4,2,2,2,,3,2,3,2,2,,2,2,2,2,2,,3,3,3,3,3,3,,3,3,2,,2,2,2,2,2
26 - 30 Tahun,Tenaga Kesehatan Dokter/Bidan/Perawat,S1,Jawa Timur,Rp1.000.000 - Rp2.500.000,Teman Bumil,< 1 Tahun,,4,4,4,4,4,,4,4,4,4,4,,4,4,4,4,4,,4,4,4,4,4,,4,4,4,4,4,,4,4,4,4,4,,4,4,4,4,4,,4,4,4,4,4,,4,4,4,4,4,,4,4,4,4,4,,4,4,4,4,4,,4,4,4,4,4,4,,4,4,4,,4,4,4,4,4
31 -35 Tahun,Pegawai Swasta,S1,Jawa Timur,< Rp1.000.000,Tidak pernah menggunakan aplikasi kesehatan kehamilan,Tidak Pernah Menggunakan Aplikasi,,3,3,3,3,3,,3,3,3,3,3,,3,3,3,3,3,,3,3,3,3,3,,3,3,3,3,3,,3,3,3,3,3,,3,3,3,3,3,,4,4,3,3,3,,2,3,2,3,3,,3,3,3,3,3,,3,3,3,3,3,,3,3,3,3,3,3,,3,3,3,,3,3,2,3,2
20 - 25 Tahun,Ibu rumah tangga,SMA,Lampung,Rp5.000.000 - Rp10.000.000,theAsianparent,< 1 Tahun,,4,4,4,4,4,,4,4,3,4,4,,4,4,4,4,3,,4,4,4,4,4,,4,4,3,4,4,,4,4,4,4,4,,4,4,3,4,4,,3,4,3,4,4,,4,4,4,4,4,,4,4,3,4,4,,4,3,4,4,3,,4,4,4,4,4,4,,4,4,3,,4,4,4,4,4
20 - 25 Tahun,Ibu rumah tangga,SMA,Jawa Barat,Rp1.000.000 - Rp2.500.000,Pregnancy+,< 1 Tahun,,4,4,3,4,4,,4,4,4,4,4,,4,4,3,4,3,,3,3,3,3,3,,3,3,3,3,3,,3,3,3,3,3,,3,3,3,3,3,,4,3,3,3,3,,3,3,3,3,3,,4,3,3,4,4,,3,3,2,2,2,,3,3,3,3,3,3,,3,3,3,,3,3,3,3,3
26 - 30 Tahun,Pegawai Swasta,S1,DKI Jakarta,> Rp10.000.000,PrimaKu,> 2 Tahun,,4,4,3,3,3,,4,4,4,4,3,,4,4,3,4,4,,4,4,3,4,4,,4,4,4,4,4,,4,4,2,4,3,,3,3,4,4,3,,4,4,4,4,4,,2,2,4,4,2,,3,4,3,2,4,,3,2,2,1,1,,2,2,2,2,3,3,,4,4,4,,4,4,4,4,4
26 - 30 Tahun,Ibu rumah tangga,S1,Banten,> Rp10.000.000,Teman Bumil,< 1 Tahun,,3,3,3,2,3,,3,3,3,3,3,,3,3,3,4,4,,3,3,3,3,3,,3,3,2,2,3,,3,3,3,2,3,,2,2,3,2,2,,3,3,3,2,4,,2,3,2,3,3,,3,3,2,2,3,,2,2,2,2,2,,3,3,3,3,2,3,,3,3,2,,3,3,2,4,3
26 - 30 Tahun,Pegawai Swasta,S2,DKI Jakarta,> Rp10.000.000,Teman Bumil,1 - 2 Tahun,,2,2,3,3,3,,3,3,3,3,2,,1,3,2,1,3,,2,4,1,2,3,,3,3,3,3,3,,3,3,3,3,3,,3,3,3,3,3,,4,4,4,4,4,,3,3,3,3,3,,1,1,1,1,2,,1,1,1,1,1,,1,2,1,2,2,2,,3,3,2,,4,4,4,4,4
26 - 30 Tahun,Pegawai Swasta,S1,DKI Jakarta,> Rp10.000.000,Flo,< 1 Tahun,,3,3,4,4,3,,4,3,3,3,3,,4,3,4,4,3,,3,4,3,4,4,,3,3,3,4,3,,3,3,3,3,3,,4,3,3,3,3,,3,3,3,3,3,,2,3,3,3,3,,2,3,3,2,3,,3,3,2,2,2,,3,3,3,3,3,3,,3,3,3,,3,3,3,3,3
26 - 30 Tahun,Pegawai Swasta,S1,Banten,Rp5.000.000 - Rp10.000.000,theAsianparent,1 - 2 Tahun,,3,3,3,3,3,,3,3,3,3,3,,3,3,3,3,3,,3,3,3,3,3,,3,3,3,3,3,,3,3,3,3,3,,3,3,3,3,3,,3,3,3,3,3,,3,3,2,3,3,,3,3,2,2,3,,2,2,3,1,1,,2,2,2,2,2,3,,3,3,3,,3,3,3,3,3
26 - 30 Tahun,Pegawai Swasta,Diploma,DKI Jakarta,Rp5.000.000 - Rp10.000.000,theAsianparent,< 1 Tahun,,3,3,3,3,3,,3,3,3,3,3,,3,3,3,3,3,,3,3,3,3,3,,3,3,3,3,3,,3,3,3,3,3,,3,3,3,3,1,,3,3,3,3,3,,3,3,3,3,3,,3,3,3,2,3,,3,3,3,3,3,,3,3,3,3,4,3,,3,3,3,,3,3,3,3,3
26 - 30 Tahun,Pegawai Swasta,S2,Banten,> Rp10.000.000,Flo,> 2 Tahun,,3,3,3,3,3,,3,3,3,3,3,,3,3,3,3,3,,3,3,3,3,3,,3,3,3,3,3,,3,3,3,3,3,,3,3,3,3,3,,3,3,3,3,3,,2,3,3,3,3,,2,2,2,2,2,,2,2,2,2,2,,2,2,2,2,3,3,,3,3,3,,3,3,3,3,3
20 - 25 Tahun,Wiraswasta/Pemilik Bisnis,SMP,Jawa Timur,Rp2.500.000 - Rp5.000.000,theAsianparent,< 1 Tahun,,4,3,4,4,4,,4,4,3,4,4,,2,1,1,1,3,,4,4,2,4,4,,3,3,4,4,4,,3,3,3,3,3,,2,4,3,4,4,,4,4,4,4,4,,2,2,2,2,3,,1,2,1,1,2,,1,2,1,3,1,,3,3,3,3,3,3,,3,4,4,,4,3,3,3,3
20 - 25 Tahun,Pegawai Swasta,S1,Jawa Barat,> Rp10.000.000,Flo,< 1 Tahun,,3,3,2,3,3,,3,3,3,2,3,,3,3,3,3,3,,3,3,3,3,3,,3,3,3,3,3,,3,3,3,3,3,,3,3,3,3,3,,3,3,3,3,3,,3,3,3,3,3,,3,3,2,2,3,,2,2,2,2,2,,3,2,2,3,3,3,,3,2,3,,3,3,3,3,3
26 - 30 Tahun,Ibu rumah tangga,Diploma,Jawa Timur,Rp1.000.000 - Rp2.500.000,theAsianparent,> 2 Tahun,,4,4,4,4,4,,4,4,4,4,4,,3,4,3,3,3,,3,1,3,4,4,,4,4,4,4,4,,3,4,4,4,4,,4,4,4,3,3,,3,3,3,3,4,,3,3,3,3,3,,1,4,1,1,4,,3,4,3,4,2,,4,4,4,4,3,4,,4,3,4,,4,4,3,3,3
31 -35 Tahun,Ibu rumah tangga,S1,Jawa Barat,Rp5.000.000 - Rp10.000.000,theAsianparent,1 - 2 Tahun,,3,3,3,3,3,,3,3,3,3,3,,3,4,3,3,3,,3,3,3,3,3,,3,3,3,3,3,,3,3,3,3,3,,3,3,3,3,3,,3,3,3,3,3,,3,3,3,3,3,,4,3,3,2,3,,3,3,2,2,2,,3,3,3,3,3,3,,3,3,3,,3,3,3,3,3
26 - 30 Tahun,Ibu rumah tangga,S1,Sulawesi Tenggara,> Rp10.000.000,Tidak pernah menggunakan aplikasi kesehatan kehamilan,Tidak Pernah Menggunakan Aplikasi,,4,4,3,4,4,,4,4,3,3,4,,4,3,3,4,4,,3,4,4,4,4,,4,4,4,3,4,,3,3,3,3,3,,3,3,4,3,4,,4,4,4,4,4,,4,4,1,3,4,,3,4,4,1,4,,4,4,4,4,3,,4,4,4,4,4,4,,4,4,4,,4,4,4,4,4
26 - 30 Tahun,Ibu rumah tangga,SMA,Jawa Timur,Rp1.000.000 - Rp2.500.000,Flo,1 - 2 Tahun,,4,4,4,4,3,,3,3,3,3,3,,3,3,3,3,3,,3,3,3,3,3,,3,3,3,3,3,,3,2,2,3,2,,3,3,3,3,3,,3,3,3,3,3,,3,3,3,3,3,,2,3,2,2,4,,4,4,4,3,3,,3,3,3,3,3,3,,4,4,4,,4,4,3,3,3
20 - 25 Tahun,Ibu rumah tangga,SMA,Jawa Tengah,Rp2.500.000 - Rp5.000.000,theAsianparent,< 1 Tahun,,3,3,3,3,3,,2,3,3,3,3,,2,2,2,2,3,,3,3,2,3,3,,3,3,3,3,3,,3,3,3,3,3,,3,3,3,3,3,,3,3,3,3,3,,3,3,2,2,3,,1,3,2,2,3,,3,2,2,2,2,,3,3,3,3,3,3,,3,3,3,,3,3,3,3,3
26 - 30 Tahun,Ibu rumah tangga,SMP,Jawa Barat,Rp1.000.000 - Rp2.500.000,Pregnancy+,< 1 Tahun,,4,3,4,4,3,,3,3,3,3,3,,3,3,2,1,3,,3,3,3,3,3,,4,3,2,2,3,,3,3,3,3,3,,3,3,2,3,2,,4,4,4,3,3,,3,4,3,4,4,,3,2,2,3,3,,3,3,3,3,3,,3,3,3,3,3,3,,3,3,3,,3,2,2,2,3
31 -35 Tahun,Ibu rumah tangga,SMA,Jawa Barat,Rp1.000.000 - Rp2.500.000,Tidak pernah menggunakan aplikasi kesehatan kehamilan,Tidak Pernah Menggunakan Aplikasi,,2,2,2,2,2,,2,2,2,2,2,,2,2,2,2,2,,2,2,2,2,2,,2,2,2,2,2,,2,2,2,2,2,,2,2,2,2,2,,2,2,2,2,2,,2,2,2,2,2,,2,2,2,2,2,,2,2,2,2,2,,2,2,2,2,2,2,,2,2,2,,2,2,2,2,2
26 - 30 Tahun,Wiraswasta/Pemilik Bisnis,Diploma,Sumatera Selatan,Rp1.000.000 - Rp2.500.000,Teman Bumil,< 1 Tahun,,3,3,3,3,3,,3,3,3,3,1,,3,3,3,3,3,,3,3,3,3,3,,3,3,3,3,3,,3,2,2,3,3,,3,3,3,3,3,,3,3,3,3,3,,2,2,2,3,3,,2,2,2,2,2,,3,3,2,3,3,,3,3,3,3,3,3,,3,3,3,,3,3,3,3,3
26 - 30 Tahun,Tenaga Kesehatan Dokter/Bidan/Perawat,S1,Kalimantan Timur,Rp5.000.000 - Rp10.000.000,Tidak pernah menggunakan aplikasi kesehatan kehamilan,Tidak Pernah Menggunakan Aplikasi,,4,4,4,4,4,,4,4,4,4,4,,4,2,2,2,4,,4,3,3,1,4,,4,4,4,4,4,,4,3,3,3,3,,3,3,3,3,3,,3,3,3,3,3,,2,3,2,2,3,,4,4,2,1,4,,3,3,4,4,4,,4,3,3,3,3,2,,4,4,4,,3,3,3,3,3
20 - 25 Tahun,Ibu rumah tangga,SMA,Jawa Barat,Rp1.000.000 - Rp2.500.000,Pregnancy+,< 1 Tahun,,3,3,3,3,3,,3,3,3,3,3,,2,2,2,2,2,,3,3,3,3,3,,3,3,3,3,3,,3,2,2,3,3,,2,3,3,3,3,,2,3,3,3,3,,2,2,2,2,3,,2,2,2,4,2,,1,1,1,1,1,,3,3,3,3,3,3,,3,3,3,,3,3,2,2,3
20 - 25 Tahun,Ibu rumah tangga,Diploma,Jawa Barat,Rp5.000.000 - Rp10.000.000,theAsianparent,< 1 Tahun,,4,4,4,2,3,,2,4,4,4,3,,2,2,2,2,2,,3,3,4,4,4,,4,4,3,3,4,,3,4,4,4,4,,4,4,3,4,3,,3,3,3,4,4,,1,1,1,4,4,,2,4,1,1,4,,2,2,2,1,1,,3,3,3,3,3,4,,4,4,4,,4,3,2,4,3
20 - 25 Tahun,Ibu rumah tangga,SMA,Kalimantan Barat,< Rp1.000.000,Flo,1 - 2 Tahun,,4,4,4,4,4,,4,4,4,4,3,,2,2,2,2,2,,3,3,3,3,3,,3,3,3,3,4,,4,3,2,3,3,,3,3,3,3,3,,3,3,4,4,3,,2,2,2,4,3,,2,3,3,2,3,,4,3,4,4,4,,4,4,4,4,4,4,,4,4,4,,4,4,2,3,3
26 - 30 Tahun,Ibu rumah tangga,Diploma,Jawa Barat,Rp1.000.000 - Rp2.500.000,Hallodoc,< 1 Tahun,,3,3,3,2,2,,3,3,3,3,3,,3,2,2,2,3,,3,2,2,3,3,,3,3,3,3,3,,2,3,3,3,3,,3,3,3,3,3,,3,3,3,3,3,,3,3,3,3,3,,1,2,3,2,2,,3,3,3,3,3,,3,3,3,3,3,3,,3,3,3,,3,3,3,2,3
26 - 30 Tahun,Ibu rumah tangga,S2,Jawa Tengah,> Rp10.000.000,Pregnancy+,< 1 Tahun,,3,3,3,3,2,,3,4,4,4,4,,2,1,1,1,3,,3,3,1,4,4,,3,3,3,2,3,,3,3,3,3,3,,3,3,3,3,3,,4,3,3,3,3,,1,4,1,2,2,,1,4,1,1,1,,1,2,2,2,2,,3,3,3,3,3,3,,3,3,3,,4,4,3,3,3
< 20 Tahun,Ibu rumah tangga,SMA,Nusa Tenggara Barat,< Rp1.000.000,Pregnancy+,< 1 Tahun,,4,4,4,4,4,,4,4,4,4,4,,4,4,4,4,4,,4,4,4,4,4,,4,4,4,4,4,,4,4,4,4,4,,4,4,4,4,4,,4,4,4,4,4,,4,4,4,4,1,,4,4,4,2,3,,2,4,2,2,3,,4,4,4,4,4,4,,4,4,4,,4,4,4,4,4
20 - 25 Tahun,Ibu rumah tangga,SMA,Banten,> Rp10.000.000,HiMommy,< 1 Tahun,,3,3,3,3,3,,3,3,3,3,3,,3,3,3,3,3,,3,3,3,3,3,,3,3,3,3,3,,3,3,3,3,3,,3,3,3,3,3,,3,3,3,3,3,,3,3,3,3,3,,3,3,3,3,3,,3,3,3,3,3,,3,3,3,3,3,3,,3,3,3,,3,3,3,3,3
20 - 25 Tahun,Wiraswasta/Pemilik Bisnis,SMA,Jawa Barat,Rp5.000.000 - Rp10.000.000,Pregnancy+,< 1 Tahun,,4,3,3,3,3,,4,4,3,4,4,,4,2,2,3,4,,3,3,3,4,3,,3,2,3,2,3,,2,3,3,3,3,,3,3,3,3,2,,4,4,4,3,3,,1,3,2,3,3,,2,4,1,1,2,,3,3,2,2,2,,4,4,4,3,3,1,,4,4,3,,3,3,3,2,3
20 - 25 Tahun,Ibu rumah tangga,SMA,Lampung,Rp1.000.000 - Rp2.500.000,Flo,< 1 Tahun,,4,3,3,2,3,,3,3,3,4,3,,3,2,1,2,3,,3,2,2,4,3,,3,3,3,3,3,,3,2,2,3,2,,3,3,3,4,3,,3,3,3,3,3,,2,3,2,3,3,,3,4,4,3,4,,3,3,4,4,4,,4,4,4,4,4,4,,4,4,4,,3,3,3,4,3
20 - 25 Tahun,Ibu rumah tangga,SMA,Lampung,Rp1.000.000 - Rp2.500.000,Tidak pernah menggunakan aplikasi kesehatan kehamilan,Tidak Pernah Menggunakan Aplikasi,,3,3,3,3,3,,3,3,3,3,3,,3,3,3,3,3,,3,3,3,3,3,,3,3,3,3,3,,3,3,3,3,3,,3,3,3,3,3,,3,3,3,3,3,,3,3,3,3,3,,3,3,3,3,3,,3,3,4,4,3,,3,3,3,3,3,3,,3,3,3,,3,3,3,3,3
20 - 25 Tahun,Ibu rumah tangga,SMA,Jawa Timur,Rp2.500.000 - Rp5.000.000,Flo,1 - 2 Tahun,,3,3,3,3,3,,3,3,3,3,3,,3,3,3,3,3,,3,3,3,3,3,,3,3,3,3,3,,3,3,3,3,3,,3,3,3,3,3,,3,3,3,4,4,,3,3,2,4,2,,3,3,3,3,3,,3,3,3,4,3,,3,3,3,3,3,3,,3,3,3,,3,3,4,4,3
20 - 25 Tahun,PNS,Diploma,Sumatera Selatan,Rp5.000.000 - Rp10.000.000,Pregnancy+,< 1 Tahun,,4,4,4,4,4,,4,4,4,4,4,,4,4,4,4,4,,4,4,4,4,4,,4,4,4,4,4,,4,4,4,4,4,,4,4,4,3,4,,4,4,4,4,4,,3,3,3,3,3,,4,4,4,4,4,,2,2,3,2,2,,4,4,4,4,4,4,,4,4,4,,4,4,4,4,4
26 - 30 Tahun,Ibu rumah tangga,SMA,Jawa Barat,Rp2.500.000 - Rp5.000.000,theAsianparent,< 1 Tahun,,4,3,4,3,3,,3,3,3,3,3,,3,3,3,3,3,,3,2,2,4,3,,4,4,3,4,4,,2,2,3,3,2,,3,4,4,3,3,,3,3,3,3,3,,3,3,3,3,3,,3,3,3,2,3,,3,3,3,3,3,,3,3,3,3,3,3,,3,3,3,,3,3,3,3,3
31 -35 Tahun,Ibu rumah tangga,Diploma,Nusa Tenggara Barat,Rp5.000.000 - Rp10.000.000,Meetyou ,> 2 Tahun,,3,3,3,3,3,,4,4,3,3,3,,3,3,3,3,4,,4,4,3,4,4,,4,4,3,3,3,,3,3,3,3,3,,4,3,4,4,3,,4,4,4,3,3,,4,4,3,3,3,,2,2,2,2,3,,4,4,4,2,2,,4,4,4,4,4,4,,3,3,3,,4,4,4,4,4
26 - 30 Tahun,Ibu rumah tangga,SMA,Daerah Istimewa Yogyakarta,< Rp1.000.000,Teman Bumil,< 1 Tahun,,3,4,4,3,3,,3,3,3,4,3,,3,3,3,3,3,,3,3,4,3,3,,3,3,3,3,3,,3,3,3,3,3,,3,4,4,3,3,,3,3,3,3,3,,3,2,2,4,3,,2,3,2,2,2,,3,3,2,2,3,,3,3,3,3,3,3,,3,3,3,,4,3,3,3,3
20 - 25 Tahun,Ibu rumah tangga,S1,Bengkulu,Rp2.500.000 - Rp5.000.000,theAsianparent,1 - 2 Tahun,,4,4,4,4,4,,4,4,4,4,4,,4,4,4,4,4,,4,4,4,3,4,,4,4,4,4,4,,4,3,3,4,4,,4,4,4,4,4,,4,4,4,4,4,,3,3,3,3,4,,3,3,2,2,3,,1,2,1,1,1,,4,4,4,4,4,3,,4,4,4,,4,4,4,4,4
31 -35 Tahun,Ibu rumah tangga,SMP,Jawa Barat,Rp1.000.000 - Rp2.500.000,theAsianparent,< 1 Tahun,,4,3,4,3,4,,4,4,4,4,4,,3,3,3,3,4,,4,4,2,4,4,,4,3,4,3,4,,4,3,3,4,3,,3,4,4,4,4,,4,4,4,3,4,,2,1,2,4,4,,1,3,3,1,3,,4,4,4,3,3,,4,4,3,4,4,4,,4,4,4,,3,3,3,3,4
20 - 25 Tahun,Ibu rumah tangga,SMA,DKI Jakarta,Rp2.500.000 - Rp5.000.000,Teman Bumil,< 1 Tahun,,4,4,4,4,4,,4,4,4,4,4,,4,4,4,4,4,,4,4,4,4,4,,4,4,4,4,4,,4,3,4,4,4,,4,4,4,4,4,,3,3,3,3,3,,3,3,3,3,3,,4,3,4,4,4,,3,3,3,3,3,,4,4,4,4,4,3,,3,3,4,,3,3,3,3,3
20 - 25 Tahun,Ibu rumah tangga,S1,Jawa Barat,> Rp10.000.000,Pregnancy+,1 - 2 Tahun,,4,4,4,4,4,,4,4,4,4,4,,4,4,4,4,4,,4,4,4,4,4,,4,4,4,4,4,,4,4,4,4,4,,4,4,4,4,4,,4,3,4,4,4,,4,4,4,4,4,,4,4,4,4,4,,4,4,4,4,4,,4,4,4,4,4,4,,4,4,4,,4,3,4,4,4
26 - 30 Tahun,Pegawai Swasta,Diploma,Jawa Timur,Rp1.000.000 - Rp2.500.000,theAsianparent,< 1 Tahun,,4,4,4,4,4,,4,4,4,4,4,,4,4,4,4,4,,4,4,4,4,4,,4,4,4,4,4,,4,4,4,4,4,,4,4,4,4,4,,4,4,4,4,4,,4,4,4,4,4,,3,4,4,3,4,,4,4,4,3,3,,4,4,4,3,4,4,,4,4,4,,4,4,4,4,4
20 - 25 Tahun,Lainnya,SMP,Jawa Barat,Rp1.000.000 - Rp2.500.000,HalloBumil,< 1 Tahun,,3,3,3,3,3,,3,3,3,3,3,,3,3,3,3,3,,3,3,3,3,3,,3,3,3,3,3,,3,3,3,3,3,,3,3,3,3,3,,3,3,3,3,3,,3,3,3,3,3,,3,2,2,2,3,,2,2,3,4,4,,3,3,3,3,2,3,,3,3,3,,3,3,3,3,3
26 - 30 Tahun,Ibu rumah tangga,SMA,Jawa Timur,Rp1.000.000 - Rp2.500.000,HalloBumil,< 1 Tahun,,3,3,3,3,3,,3,3,3,3,3,,3,3,3,3,3,,3,3,2,4,3,,3,3,3,3,3,,3,3,3,3,3,,3,4,3,3,3,,3,3,3,3,3,,3,4,3,3,3,,3,3,2,2,3,,3,3,3,3,3,,3,3,3,3,3,3,,3,3,4,,3,3,2,3,3
26 - 30 Tahun,Ibu rumah tangga,SMA,Jawa Barat,Rp1.000.000 - Rp2.500.000,Pregnancy+,< 1 Tahun,,4,4,4,4,4,,4,4,4,4,4,,4,4,4,4,4,,4,4,4,4,4,,4,4,4,4,4,,4,4,4,4,4,,4,4,4,4,4,,4,4,4,4,4,,4,4,4,4,4,,4,4,4,4,4,,4,4,4,4,4,,4,4,4,4,4,4,,4,4,4,,4,4,4,4,4
20 - 25 Tahun,Ibu rumah tangga,SMA,Jawa Tengah,Rp1.000.000 - Rp2.500.000,Pregnancy+,< 1 Tahun,,4,4,4,4,4,,4,4,4,4,4,,3,4,4,1,4,,4,4,4,4,4,,4,4,4,4,4,,4,4,4,4,4,,4,4,4,4,4,,3,3,4,2,3,,3,1,2,3,3,,2,2,2,1,2,,1,1,1,1,1,,4,3,3,3,3,4,,3,4,4,,4,4,3,4,3
26 - 30 Tahun,Pegawai Swasta,SMA,Jawa Tengah,Rp2.500.000 - Rp5.000.000,Pregnancy+,1 - 2 Tahun,,3,3,3,3,3,,3,3,3,3,3,,2,2,2,3,3,,3,3,2,3,3,,3,3,3,3,3,,3,3,3,3,3,,3,3,3,3,3,,4,4,4,4,4,,2,3,2,2,3,,3,3,3,2,3,,3,3,3,3,3,,3,3,3,3,3,3,,3,3,3,,4,4,4,4,4
26 - 30 Tahun,Wiraswasta/Pemilik Bisnis,S1,Banten,Rp2.500.000 - Rp5.000.000,Flo,< 1 Tahun,,4,4,4,4,4,,3,4,3,4,4,,4,4,4,4,4,,4,4,4,4,4,,3,3,3,3,3,,3,3,3,3,3,,3,3,3,3,3,,3,3,4,4,4,,3,3,3,2,2,,4,4,2,1,4,,4,4,4,4,4,,4,4,3,3,3,4,,3,3,3,,3,3,3,3,3
26 - 30 Tahun,Ibu rumah tangga,SMA,Jawa Barat,Rp1.000.000 - Rp2.500.000,HalloBumil,< 1 Tahun,,3,3,3,3,3,,3,3,3,3,3,,2,2,2,2,2,,3,3,3,3,3,,3,3,3,3,3,,3,3,3,3,3,,3,3,3,3,3,,3,3,3,3,3,,2,2,3,3,3,,3,3,3,2,3,,3,3,2,2,3,,3,3,3,3,3,3,,3,3,3,,3,3,3,3,3
26 - 30 Tahun,Ibu rumah tangga,S1,Jawa Barat,Rp2.500.000 - Rp5.000.000,HalloBumil,> 2 Tahun,,3,3,3,3,3,,3,3,3,3,3,,3,1,1,2,3,,3,3,1,4,3,,3,3,3,3,3,,3,1,1,1,1,,4,4,4,4,4,,3,3,3,3,3,,2,2,2,2,2,,2,3,3,3,3,,2,2,2,1,2,,3,3,3,3,3,4,,3,3,4,,3,3,3,3,3
26 - 30 Tahun,Ibu rumah tangga,S1,Daerah Istimewa Yogyakarta,Rp5.000.000 - Rp10.000.000,Pregnancy+,< 1 Tahun,,2,2,4,3,4,,2,4,2,3,3,,3,2,3,3,3,,3,2,3,3,3,,3,3,3,3,3,,2,3,3,3,3,,3,2,3,3,3,,3,4,3,3,3,,3,3,2,3,3,,2,4,2,1,2,,2,2,1,2,1,,3,3,2,3,3,2,,4,4,4,,3,3,4,3,4
31 -35 Tahun,Ibu rumah tangga,S1,Daerah Istimewa Yogyakarta,Rp2.500.000 - Rp5.000.000,HalloBumil,< 1 Tahun,,3,3,3,3,3,,3,3,3,3,3,,3,3,3,3,3,,3,3,3,4,3,,3,3,3,3,3,,3,3,3,3,3,,3,3,3,3,3,,3,3,3,3,3,,2,2,2,3,3,,2,2,2,1,2,,2,2,2,2,2,,3,3,3,3,3,3,,3,4,3,,3,3,3,3,3
20 - 25 Tahun,Wiraswasta/Pemilik Bisnis,S1,DKI Jakarta,Rp5.000.000 - Rp10.000.000,HalloBumil,< 1 Tahun,,3,3,3,3,3,,3,3,3,3,3,,3,3,3,3,3,,3,3,3,3,3,,3,3,3,3,3,,3,3,3,3,3,,3,3,3,3,3,,3,3,3,3,3,,3,3,3,3,3,,3,3,3,3,3,,3,3,3,3,3,,3,3,3,3,3,3,,3,3,3,,3,3,3,3,3
20 - 25 Tahun,Ibu rumah tangga,SMA,Jawa Barat,Rp2.500.000 - Rp5.000.000,Pregnancy+,1 - 2 Tahun,,3,3,3,4,3,,3,3,3,3,3,,3,3,3,3,3,,3,3,3,3,3,,3,3,3,2,3,,4,3,3,3,3,,3,3,3,4,4,,4,4,4,4,3,,4,4,4,4,4,,3,3,2,3,3,,3,3,2,2,2,,3,3,3,3,3,2,,4,4,4,,4,4,4,4,4
26 - 30 Tahun,Guru / Dosen,S1,Daerah Istimewa Yogyakarta,Rp2.500.000 - Rp5.000.000,MeetYou,> 2 Tahun,,4,4,4,4,4,,3,4,4,4,4,,3,4,3,4,4,,4,4,2,4,4,,4,4,4,4,4,,4,4,4,4,4,,4,4,4,4,4,,4,4,4,4,4,,3,3,3,3,3,,2,2,2,2,2,,3,3,3,4,3,,4,4,4,4,4,4,,4,4,4,,4,4,4,4,4
26 - 30 Tahun,Ibu rumah tangga,Diploma,Jawa Barat,Rp5.000.000 - Rp10.000.000,HalloBumil,1 - 2 Tahun,,3,3,3,3,4,,3,3,4,4,4,,3,3,3,4,3,,3,3,3,4,4,,3,3,3,3,3,,3,2,2,3,3,,3,3,3,3,3,,3,3,3,3,3,,2,2,2,3,3,,3,3,3,2,3,,3,3,4,4,4,,4,3,3,3,3,4,,3,3,3,,3,3,3,3,3
26 - 30 Tahun,Lainnya,Diploma,Daerah Istimewa Yogyakarta,Rp1.000.000 - Rp2.500.000,theAsianparent,1 - 2 Tahun,,3,4,4,4,3,,4,3,4,4,4,,2,2,2,2,3,,3,3,2,3,4,,3,3,3,3,3,,3,3,3,3,3,,3,3,3,3,3,,4,4,4,4,4,,1,2,2,3,3,,3,3,3,2,3,,2,3,2,3,2,,2,3,3,2,3,3,,3,3,4,,4,4,4,4,4
26 - 30 Tahun,Ibu rumah tangga,SMA,Jawa Barat,Rp1.000.000 - Rp2.500.000,Tidak pernah menggunakan aplikasi kesehatan kehamilan,1 - 2 Tahun,,3,3,3,3,3,,3,3,3,3,3,,3,3,3,3,3,,3,3,3,3,3,,3,3,3,3,3,,3,3,3,3,3,,3,3,3,3,3,,3,3,3,3,3,,3,3,3,3,3,,3,3,3,3,3,,3,3,3,3,3,,3,3,3,3,3,3,,3,3,3,,3,3,3,3,3
> 35 Tahun,Lainnya,S1,Daerah Istimewa Yogyakarta,Rp5.000.000 - Rp10.000.000,Teman Bumil,> 2 Tahun,,4,4,4,4,4,,4,4,4,4,4,,4,4,4,4,4,,4,4,4,4,4,,4,4,4,4,4,,4,4,4,4,4,,4,4,4,4,4,,4,4,4,4,4,,1,4,1,4,4,,4,4,2,1,3,,3,4,4,4,4,,4,4,4,4,4,4,,4,4,4,,4,4,4,4,4
> 35 Tahun,Lainnya,SMA,Daerah Istimewa Yogyakarta,Rp1.000.000 - Rp2.500.000,HaiBunda,1 - 2 Tahun,,3,3,3,2,3,,3,3,3,3,3,,3,2,2,2,3,,3,3,3,4,3,,3,3,2,2,3,,3,3,3,3,3,,3,3,2,3,3,,3,3,3,2,3,,2,2,2,2,2,,2,3,3,2,3,,2,2,2,2,2,,4,3,3,3,3,2,,3,3,3,,3,3,2,3,3
26 - 30 Tahun,Guru / Dosen,S1,Daerah Istimewa Yogyakarta,Rp2.500.000 - Rp5.000.000,Tentang Anak,> 2 Tahun,,4,4,4,4,4,,4,4,4,4,4,,2,2,2,2,4,,4,4,2,1,4,,4,4,4,4,4,,4,4,4,4,4,,4,4,4,4,4,,4,4,4,4,4,,2,2,2,4,4,,4,4,4,4,4,,2,2,2,2,2,,4,4,4,4,4,4,,4,4,4,,4,4,4,4,4
20 - 25 Tahun,Ibu rumah tangga,SMP,Daerah Istimewa Yogyakarta,Rp1.000.000 - Rp2.500.000,Pregnancy+,< 1 Tahun,,3,3,3,3,3,,3,3,3,3,3,,3,3,3,3,3,,3,3,3,3,3,,3,3,3,3,3,,3,3,3,3,3,,3,3,3,3,3,,3,3,3,3,3,,3,3,2,3,3,,2,3,2,2,3,,3,3,2,2,2,,3,3,3,3,3,3,,3,3,3,,3,3,3,3,3
26 - 30 Tahun,Ibu rumah tangga,S1,Jawa Barat,Rp1.000.000 - Rp2.500.000,Tidak pernah menggunakan aplikasi kesehatan kehamilan,< 1 Tahun,,1,1,1,1,1,,1,1,1,1,1,,1,1,1,1,1,,1,1,1,1,1,,1,1,1,1,1,,1,1,1,1,1,,1,1,1,1,1,,1,1,1,1,1,,1,1,1,1,1,,1,1,1,1,1,,1,1,1,1,1,,1,1,1,1,1,1,,1,1,1,,1,1,1,1,1
31 -35 Tahun,Lainnya,S1,Bali,Rp5.000.000 - Rp10.000.000,Tidak pernah menggunakan aplikasi kesehatan kehamilan,Tidak Pernah Menggunakan Aplikasi,,3,3,2,2,3,,3,3,3,3,3,,3,3,3,3,3,,3,3,3,3,3,,3,3,3,3,3,,3,3,3,3,3,,3,3,3,3,3,,2,2,2,2,2,,2,2,2,3,2,,3,3,3,3,3,,3,2,2,3,3,,3,3,3,3,3,3,,3,3,3,,3,3,2,3,2
26 - 30 Tahun,Pegawai Swasta,S1,Jawa Timur,> Rp10.000.000,Diary Bunda,1 - 2 Tahun,,4,2,4,4,2,,2,2,4,4,2,,4,4,3,4,4,,4,2,2,2,2,,2,2,2,2,2,,2,2,4,2,2,,2,2,2,2,2,,4,4,4,4,4,,2,4,4,4,4,,2,4,2,4,2,,2,2,2,4,4,,2,2,2,2,2,4,,4,4,4,,4,4,4,2,4
31 -35 Tahun,Pegawai Swasta,S1,Jambi,Rp5.000.000 - Rp10.000.000,HiMommy,< 1 Tahun,,4,4,4,4,4,,4,4,4,4,4,,4,1,4,4,4,,4,4,4,4,4,,4,4,4,4,4,,4,4,4,4,4,,1,4,4,4,4,,4,4,4,4,4,,4,4,4,4,1,,1,4,4,1,4,,1,1,1,1,1,,4,4,4,4,4,4,,4,4,4,,4,4,1,1,4
26 - 30 Tahun,Pegawai Swasta,S1,Daerah Istimewa Yogyakarta,Rp2.500.000 - Rp5.000.000,Tentang Anak,1 - 2 Tahun,,4,4,4,4,4,,4,4,4,4,4,,4,2,2,3,4,,4,4,2,4,4,,4,4,4,4,4,,4,3,3,3,3,,4,4,4,4,4,,4,4,4,4,4,,4,3,4,4,4,,1,4,1,1,2,,3,3,3,1,2,,4,4,4,4,4,4,,4,4,4,,4,4,4,4,4
> 35 Tahun,Ibu rumah tangga,SMA,Bali,Rp2.500.000 - Rp5.000.000,Tidak pernah menggunakan aplikasi kesehatan kehamilan,Tidak Pernah Menggunakan Aplikasi,,4,3,3,3,4,,4,3,4,4,4,,2,4,3,4,4,,3,4,4,4,4,,4,3,3,4,3,,4,4,3,4,3,,4,3,3,4,3,,3,3,3,3,3,,3,3,4,3,3,,4,4,4,3,4,,4,4,4,4,4,,4,3,4,3,3,4,,4,4,3,,3,2,3,3,3
26 - 30 Tahun,Ibu rumah tangga,S1,Bali,Rp2.500.000 - Rp5.000.000,Flo,1 - 2 Tahun,,4,4,4,4,4,,4,4,4,4,4,,4,4,4,4,4,,4,4,4,4,4,,4,4,4,4,4,,4,4,4,4,4,,4,4,4,4,4,,3,3,3,3,3,,2,3,3,3,3,,4,4,4,4,4,,4,4,4,3,4,,4,4,4,4,4,4,,4,4,4,,4,4,3,3,3
20 - 25 Tahun,Lainnya,Diploma,Jawa Timur,Rp2.500.000 - Rp5.000.000,HalloBumil,< 1 Tahun,,4,4,4,4,4,,4,4,4,4,4,,4,4,4,4,4,,4,4,4,4,4,,4,4,3,3,3,,3,3,4,4,4,,4,4,4,4,4,,4,4,4,4,4,,4,4,4,4,4,,1,4,4,4,4,,4,4,4,1,4,,4,4,4,4,4,4,,4,4,4,,4,4,4,4,4
20 - 25 Tahun,Ibu rumah tangga,SMA,Jawa Barat,< Rp1.000.000,Flo,> 2 Tahun,,4,4,4,4,4,,4,4,4,4,4,,4,3,3,3,3,,4,4,3,3,4,,3,3,4,3,3,,3,3,3,3,4,,4,4,3,3,3,,4,3,3,3,3,,3,4,3,4,4,,3,4,4,4,4,,4,3,4,3,3,,4,4,4,4,4,4,,4,3,4,,4,4,4,4,4
31 -35 Tahun,Guru / Dosen,S2,Kepulauan Riau,Rp5.000.000 - Rp10.000.000,Teman Bumil,> 2 Tahun,,4,4,4,4,4,,4,3,4,4,4,,2,1,2,2,4,,4,4,3,4,4,,4,4,4,4,4,,4,4,4,4,4,,4,4,4,4,4,,4,4,3,3,3,,3,4,3,4,4,,2,2,2,2,4,,1,1,1,1,1,,4,4,3,3,3,3,,4,4,4,,3,3,3,3,3
31 -35 Tahun,Tenaga Kesehatan Dokter/Bidan/Perawat,Diploma,Bali,Rp2.500.000 - Rp5.000.000,Tentang Anak,1 - 2 Tahun,,3,3,3,3,3,,3,3,3,3,3,,3,2,2,2,3,,3,3,3,3,3,,3,3,3,3,3,,3,3,3,3,3,,3,3,3,3,3,,3,3,3,3,3,,2,3,2,3,3,,1,3,2,2,2,,3,3,3,3,2,,3,3,3,3,3,3,,3,3,3,,3,3,3,2,3
26 - 30 Tahun,Ibu rumah tangga,S1,Jawa Barat,Rp2.500.000 - Rp5.000.000,Pregnancy+,< 1 Tahun,,3,3,3,3,3,,3,3,3,3,3,,3,3,3,3,3,,3,3,3,3,3,,3,3,3,3,3,,3,3,3,3,3,,3,3,3,4,4,,3,3,3,3,3,,2,3,4,2,2,,2,3,4,1,2,,3,3,3,2,2,,3,3,4,4,4,4,,4,4,3,,3,3,3,3,3
31 -35 Tahun,Ibu rumah tangga,S1,Nusa Tenggara Timur,Rp2.500.000 - Rp5.000.000,Teman Bumil,1 - 2 Tahun,,3,3,3,3,3,,3,3,3,3,3,,3,3,3,3,3,,3,3,2,3,3,,3,3,3,3,3,,3,3,3,3,3,,3,3,3,3,3,,3,3,3,3,3,,3,4,3,4,3,,2,3,3,1,3,,4,4,3,3,4,,3,3,3,3,3,3,,3,3,3,,3,3,3,3,3
31 -35 Tahun,Ibu rumah tangga,SMA,Jawa Tengah,Rp1.000.000 - Rp2.500.000,Tidak pernah menggunakan aplikasi kesehatan kehamilan,Tidak Pernah Menggunakan Aplikasi,,4,4,4,4,4,,4,4,4,4,4,,4,4,4,4,4,,4,4,4,4,4,,4,4,4,4,4,,4,4,4,4,4,,4,4,4,4,4,,4,3,4,4,4,,4,4,4,3,3,,4,4,4,4,4,,4,4,4,4,4,,4,4,4,4,4,4,,4,4,4,,4,4,4,3,3
31 -35 Tahun,PNS,S1,Sulawesi Selatan,Rp5.000.000 - Rp10.000.000,Flo,< 1 Tahun,,4,4,4,4,4,,4,4,4,4,4,,4,4,4,4,4,,4,4,4,4,4,,4,4,4,4,4,,4,4,4,4,4,,4,4,4,4,4,,4,4,4,4,4,,4,4,1,3,4,,2,3,2,2,2,,2,2,3,2,2,,4,4,4,4,4,4,,4,4,4,,4,4,4,4,4
31 -35 Tahun,Tenaga Kesehatan Dokter/Bidan/Perawat,Diploma,Bali,Rp2.500.000 - Rp5.000.000,theAsianparent,1 - 2 Tahun,,4,3,3,3,3,,3,3,3,3,3,,3,2,1,1,3,,3,3,3,4,4,,3,3,3,3,4,,3,3,3,3,3,,3,3,3,3,3,,3,3,3,3,4,,2,1,2,3,3,,2,3,2,1,2,,3,3,3,3,3,,3,3,3,3,3,3,,3,3,3,,3,3,3,3,3
31 -35 Tahun,Lainnya,Diploma,Bali,Rp1.000.000 - Rp2.500.000,PrimaKu,< 1 Tahun,,3,3,3,4,3,,3,3,3,4,4,,4,4,4,4,4,,4,4,3,4,4,,4,4,4,4,4,,4,2,4,4,3,,4,4,4,4,3,,4,4,4,4,4,,4,4,4,4,4,,1,2,2,1,3,,3,4,3,4,3,,4,4,4,4,4,2,,4,4,4,,4,4,4,4,4
31 -35 Tahun,PNS,S1,Bali,< Rp1.000.000,HalloBumil,< 1 Tahun,,4,4,4,4,4,,4,4,4,4,4,,4,4,4,4,4,,4,4,4,4,4,,4,4,4,4,4,,4,4,4,4,4,,4,4,4,4,4,,4,4,4,4,4,,4,4,4,4,4,,4,4,4,4,4,,4,4,4,4,4,,4,4,4,4,4,4,,4,4,4,,4,4,4,4,4
26 - 30 Tahun,Ibu rumah tangga,S1,Sumatera Barat,Rp2.500.000 - Rp5.000.000,Flo,< 1 Tahun,,3,3,3,3,4,,4,4,4,4,4,,2,2,2,2,3,,3,3,3,4,4,,4,4,4,3,4,,4,1,1,3,3,,4,4,4,4,4,,4,4,4,4,4,,2,1,2,4,3,,2,4,4,1,4,,1,1,1,1,1,,2,2,3,3,3,2,,2,3,4,,4,4,4,4,4
26 - 30 Tahun,Ibu rumah tangga,SMA,Kalimantan Timur,< Rp1.000.000,Tidak menggunakan aplikasi,Tidak Pernah Menggunakan Aplikasi,,2,2,2,2,2,,2,2,2,2,2,,2,2,2,2,2,,2,2,2,2,2,,2,2,2,2,2,,2,2,2,2,2,,2,2,2,2,2,,2,2,2,2,2,,2,2,2,2,2,,3,2,2,2,2,,2,2,2,2,2,,2,2,2,2,2,2,,2,2,2,,2,2,2,2,2
31 -35 Tahun,PNS,S1,Sulawesi Tenggara,Rp2.500.000 - Rp5.000.000,theAsianparent,< 1 Tahun,,4,4,4,4,3,,4,4,4,4,4,,4,2,2,3,3,,2,3,3,4,4,,4,4,3,2,3,,3,4,3,4,3,,2,4,3,4,2,,3,4,4,3,3,,1,4,1,4,3,,2,2,1,1,2,,1,1,3,1,1,,3,3,3,3,3,3,,3,3,3,,3,3,2,4,4
26 - 30 Tahun,Guru / Dosen,S2,Bengkulu,Rp5.000.000 - Rp10.000.000,Pregnancy+,< 1 Tahun,,3,3,3,3,3,,3,3,4,3,3,,2,3,3,3,3,,3,3,3,3,3,,3,3,3,2,3,,3,3,3,3,3,,1,3,3,3,3,,3,3,3,3,3,,4,3,1,2,2,,3,3,2,1,3,,2,2,2,2,2,,3,3,3,3,3,3,,3,3,3,,2,3,2,3,3
31 -35 Tahun,Petani,SMA,Sumatera Utara,< Rp1.000.000,Tidak pernah menggunakan aplikasi kesehatan kehamilan,Tidak Pernah Menggunakan Aplikasi,,3,3,3,3,3,,3,3,3,3,3,,3,3,3,3,3,,3,3,3,3,3,,3,3,3,3,3,,3,3,3,3,3,,3,3,3,3,3,,3,3,3,3,3,,1,3,3,3,3,,3,3,3,3,3,,3,3,3,3,3,,3,3,3,3,3,3,,3,3,3,,3,3,3,3,3
31 -35 Tahun,PNS,S2,Bengkulu,> Rp10.000.000,Bomne/mommytalk,> 2 Tahun,,3,3,3,3,3,,3,3,3,3,3,,3,3,3,3,3,,3,3,1,3,3,,3,3,3,3,3,,3,3,3,3,3,,3,3,3,3,3,,3,3,3,3,3,,2,2,2,3,3,,2,2,2,1,2,,1,1,1,1,1,,3,3,3,3,3,3,,3,3,3,,3,3,3,3,3
20 - 25 Tahun,Tenaga Kesehatan Dokter/Bidan/Perawat,Diploma,Jawa Barat,Rp5.000.000 - Rp10.000.000,Flo,> 2 Tahun,,4,3,4,4,4,,4,3,3,4,4,,4,3,3,4,4,,4,4,4,3,4,,4,4,4,4,4,,4,4,4,4,4,,4,4,3,4,4,,3,4,3,3,4,,4,4,4,4,4,,2,2,3,1,1,,2,1,1,1,1,,3,3,4,4,4,4,,3,3,3,,3,3,3,3,3
20 - 25 Tahun,Pegawai Swasta,S1,Jawa Tengah,Rp1.000.000 - Rp2.500.000,theAsianparent,< 1 Tahun,,3,3,3,3,3,,3,3,3,3,3,,3,3,3,3,3,,3,3,3,3,3,,3,3,3,3,3,,3,3,3,3,3,,3,3,3,3,3,,3,3,3,3,3,,4,4,4,4,4,,3,2,4,1,3,,2,2,2,2,2,,3,3,3,3,3,3,,3,3,3,,4,3,3,3,3
20 - 25 Tahun,Ibu rumah tangga,SMA,DKI Jakarta,Rp2.500.000 - Rp5.000.000,Flo,1 - 2 Tahun,,4,4,4,4,3,,4,3,4,4,4,,4,4,4,4,4,,4,4,4,4,4,,4,4,4,4,4,,4,4,4,4,3,,4,3,4,4,4,,3,3,3,3,3,,4,4,4,4,4,,4,4,3,4,4,,4,4,4,4,4,,4,4,4,4,4,4,,4,4,4,,3,3,3,3,3
26 - 30 Tahun,Pegawai Swasta,S1,Sulawesi Tengah,Rp5.000.000 - Rp10.000.000,Tidak pernah menggunakan aplikasi kesehatan kehamilan,Tidak Pernah Menggunakan Aplikasi,,4,4,4,4,4,,4,4,4,4,4,,4,4,4,4,4,,4,4,4,4,4,,4,4,4,4,4,,4,4,4,4,4,,4,4,4,4,4,,4,4,4,4,4,,4,4,4,4,4,,4,4,4,1,4,,4,4,4,4,4,,4,4,4,4,4,4,,4,4,4,,4,4,4,4,4
31 -35 Tahun,Lainnya,Diploma,Jambi,Rp2.500.000 - Rp5.000.000,Pregnancy+,< 1 Tahun,,3,3,3,4,3,,3,3,3,3,3,,3,3,3,3,3,,3,3,3,3,3,,3,3,3,3,3,,3,3,3,3,3,,3,3,3,3,3,,4,4,4,4,4,,3,3,3,4,4,,4,3,2,1,3,,2,2,1,1,2,,3,3,3,3,3,3,,3,3,3,,3,4,4,4,4
31 -35 Tahun,Lainnya,SMA,Jambi,Rp1.000.000 - Rp2.500.000,Tidak pernah menggunakan aplikasi kesehatan kehamilan,Tidak Pernah Menggunakan Aplikasi,,3,3,3,3,3,,3,3,3,3,3,,3,3,3,3,3,,3,3,3,3,3,,3,3,3,3,3,,3,3,3,3,3,,3,3,4,3,4,,3,3,3,3,3,,3,3,3,3,3,,3,4,4,3,3,,2,3,3,3,3,,3,3,3,3,3,3,,3,4,3,,3,3,3,3,3
20 - 25 Tahun,Ibu rumah tangga,SMA,Jawa Barat,Rp2.500.000 - Rp5.000.000,HalloBumil,< 1 Tahun,,3,3,3,3,3,,3,3,3,3,3,,3,2,2,3,3,,2,2,2,3,3,,3,2,2,2,2,,3,3,2,3,2,,3,3,2,3,2,,3,3,3,3,3,,2,3,2,3,3,,3,2,2,1,1,,2,3,2,2,2,,3,3,3,3,3,3,,3,3,3,,2,2,2,2,2
20 - 25 Tahun,Ibu rumah tangga,SMA,Jawa Timur,Rp2.500.000 - Rp5.000.000,Flo,1 - 2 Tahun,,3,3,3,3,3,,3,3,3,3,3,,3,3,3,3,3,,3,3,3,3,3,,3,3,3,3,3,,3,3,3,3,3,,3,3,3,3,3,,3,3,3,3,3,,3,3,3,3,3,,3,3,3,3,3,,3,3,4,3,3,,3,3,3,3,3,3,,3,3,3,,3,3,3,3,3
31 -35 Tahun,Pegawai Swasta,S1,Jawa Barat,> Rp10.000.000,Tidak pernah menggunakan aplikasi kesehatan kehamilan,Tidak Pernah Menggunakan Aplikasi,,3,3,3,3,3,,3,2,3,3,3,,2,3,3,3,3,,3,3,3,2,3,,3,3,2,3,3,,2,3,3,3,3,,3,2,3,3,3,,3,3,3,3,3,,3,3,3,2,3,,3,3,3,3,3,,3,2,3,3,3,,3,3,3,3,3,3,,2,3,3,,3,3,3,3,3
31 -35 Tahun,Lainnya,S2,Jambi,Rp2.500.000 - Rp5.000.000,Teman Bumil,< 1 Tahun,,3,3,3,3,3,,3,3,3,3,3,,3,3,3,3,3,,3,3,3,3,3,,3,3,3,3,3,,3,3,3,3,3,,3,3,3,3,3,,3,3,3,3,3,,2,2,2,3,3,,3,3,3,2,3,,3,3,3,2,2,,3,3,3,3,3,3,,3,3,3,,3,3,3,3,3
20 - 25 Tahun,Ibu rumah tangga,SMA,Jambi,Rp1.000.000 - Rp2.500.000,Pregnancy+,< 1 Tahun,,4,3,4,4,4,,4,4,4,4,4,,4,4,4,4,4,,4,4,4,4,4,,4,4,4,4,4,,4,4,4,4,4,,4,4,4,4,4,,4,4,4,3,3,,4,4,4,4,4,,3,3,3,3,3,,3,3,3,3,3,,2,4,4,4,4,3,,4,3,4,,4,4,4,4,4
20 - 25 Tahun,Ibu rumah tangga,S1,Riau,Rp2.500.000 - Rp5.000.000,Pregnancy+,< 1 Tahun,,4,4,4,3,3,,3,3,3,3,3,,1,1,1,1,4,,4,4,3,4,4,,4,4,3,4,4,,3,2,2,4,3,,3,3,3,3,3,,3,3,3,3,3,,3,3,3,3,3,,2,4,1,1,1,,2,2,2,1,1,,4,3,3,3,3,3,,4,4,4,,3,3,3,3,3
31 -35 Tahun,Ibu rumah tangga,Diploma,Jawa Barat,Rp5.000.000 - Rp10.000.000,theAsianparent,< 1 Tahun,,4,4,4,4,4,,4,4,4,4,4,,4,4,4,4,4,,4,4,4,4,4,,4,4,4,4,4,,4,4,4,4,4,,4,4,4,4,4,,4,4,4,3,4,,4,4,4,4,4,,2,2,2,1,4,,1,1,1,1,1,,4,4,4,4,4,4,,4,4,4,,4,4,4,4,4
20 - 25 Tahun,Pegawai Swasta,S1,Jawa Timur,< Rp1.000.000,theAsianparent,< 1 Tahun,,3,3,3,3,3,,3,3,3,3,3,,3,3,3,3,3,,3,3,3,3,3,,3,3,3,3,3,,3,3,3,3,3,,3,3,3,3,3,,3,3,3,3,3,,2,3,3,3,3,,2,3,3,1,3,,3,3,2,2,2,,3,3,3,3,3,3,,3,3,3,,3,3,3,3,3
20 - 25 Tahun,Ibu rumah tangga,SMA,Kalimantan Timur,Rp2.500.000 - Rp5.000.000,theAsianparent,> 2 Tahun,,4,4,4,4,4,,4,4,4,4,4,,4,4,4,4,4,,4,4,4,4,4,,4,4,4,4,4,,4,3,3,4,4,,4,4,4,4,4,,4,4,4,3,4,,2,3,2,3,4,,2,2,2,2,3,,3,3,3,3,3,,4,4,4,4,4,4,,4,4,4,,4,4,4,4,4
20 - 25 Tahun,Ibu rumah tangga,SMA,Jawa Barat,Rp1.000.000 - Rp2.500.000,HalloBumil,> 2 Tahun,,3,3,3,3,3,,3,3,3,3,3,,3,3,3,3,3,,3,3,3,3,3,,3,3,3,3,3,,3,3,3,3,3,,3,3,3,3,3,,3,3,3,3,3,,3,3,3,3,3,,2,3,2,2,2,,3,3,3,3,3,,3,3,3,3,3,3,,3,3,3,,3,3,3,3,3
20 - 25 Tahun,Ibu rumah tangga,S1,Jawa Timur,Rp1.000.000 - Rp2.500.000,theAsianparent,> 2 Tahun,,3,3,3,3,3,,3,3,3,3,3,,3,3,3,3,3,,3,3,3,3,3,,3,3,3,3,3,,3,3,3,3,3,,3,3,3,3,3,,3,3,3,3,3,,3,3,3,3,3,,3,3,3,3,3,,3,3,3,3,3,,3,3,3,3,3,3,,3,3,3,,4,3,3,3,3
26 - 30 Tahun,Ibu rumah tangga,S1,Jawa Timur,< Rp1.000.000,Tentang Anak,> 2 Tahun,,3,3,3,3,3,,3,3,3,3,3,,3,3,3,3,3,,3,3,3,3,3,,3,3,3,3,3,,3,3,3,3,3,,3,3,3,3,3,,3,3,3,3,3,,2,3,3,3,2,,3,3,3,3,3,,2,3,3,3,3,,3,3,3,3,3,3,,3,3,3,,3,3,3,3,3
26 - 30 Tahun,Ibu rumah tangga,S1,Jawa Barat,> Rp10.000.000,Obwheel,> 2 Tahun,,3,3,3,3,3,,3,3,3,3,3,,3,3,3,3,2,,3,3,3,3,3,,3,3,3,3,3,,3,3,3,3,3,,3,3,3,3,3,,3,3,4,3,3,,3,3,3,3,3,,3,3,3,3,3,,3,3,3,2,2,,3,3,3,3,3,3,,3,3,3,,3,3,3,3,3
20 - 25 Tahun,Pegawai Swasta,S1,Jawa Tengah,Rp1.000.000 - Rp2.500.000,theAsianparent,< 1 Tahun,,4,4,4,4,4,,4,4,4,4,4,,4,4,4,4,4,,4,4,4,4,4,,4,4,4,4,4,,4,4,4,4,4,,4,4,4,4,4,,4,4,4,4,4,,4,4,4,4,4,,4,4,4,4,4,,4,4,4,4,4,,4,4,4,4,4,4,,4,4,4,,4,4,4,4,4
20 - 25 Tahun,Ibu rumah tangga,SMA,DKI Jakarta,< Rp1.000.000,Tidak pernah menggunakan aplikasi kesehatan kehamilan,Tidak Pernah Menggunakan Aplikasi,,3,3,3,3,3,,3,3,3,3,3,,3,3,3,3,3,,3,3,3,3,3,,3,3,3,3,3,,3,3,3,3,3,,3,3,3,3,3,,3,3,3,3,3,,3,3,3,3,3,,3,3,3,3,3,,3,3,3,3,3,,3,3,3,3,3,3,,3,3,3,,3,3,3,3,3
31 -35 Tahun,Pegawai Swasta,S1,Jawa Tengah,Rp5.000.000 - Rp10.000.000,Flo,> 2 Tahun,,4,4,4,4,4,,4,4,4,4,4,,4,4,4,4,4,,4,4,4,4,4,,4,4,4,4,4,,4,4,4,4,4,,4,4,4,4,4,,4,4,4,4,4,,4,4,3,4,4,,4,4,3,2,4,,3,4,3,3,3,,4,4,4,4,4,4,,4,4,4,,4,4,4,4,4
26 - 30 Tahun,Pegawai Swasta,S1,Jawa Tengah,Rp5.000.000 - Rp10.000.000,theAsianparent,> 2 Tahun,,3,3,3,3,3,,3,4,3,3,3,,3,3,3,3,3,,3,4,3,4,4,,3,3,3,4,4,,3,3,3,3,3,,3,3,3,3,3,,3,3,4,3,4,,2,1,2,3,3,,1,4,1,1,1,,2,2,1,1,1,,4,3,3,3,3,3,,3,3,2,,3,3,3,3,3
20 - 25 Tahun,Ibu rumah tangga,S1,Jawa Barat,> Rp10.000.000,Pregnancy+,< 1 Tahun,,4,3,4,3,3,,3,3,3,3,3,,3,2,3,3,3,,3,3,3,4,4,,3,3,3,3,3,,3,3,3,3,3,,3,3,3,3,3,,3,3,3,3,3,,1,1,1,3,2,,1,2,2,1,1,,2,2,2,2,1,,3,3,3,3,3,3,,3,3,3,,3,3,2,3,3
26 - 30 Tahun,Wiraswasta/Pemilik Bisnis,S1,Jawa Tengah,> Rp10.000.000,Pregnancy+,< 1 Tahun,,3,3,3,3,3,,3,3,3,3,3,,3,3,3,3,3,,3,3,3,3,3,,3,3,3,3,3,,3,3,3,3,3,,3,3,3,3,3,,3,3,3,3,3,,2,3,2,3,2,,3,3,3,3,3,,3,3,3,3,3,,3,3,3,3,3,3,,3,3,3,,3,3,3,3,3
> 35 Tahun,Ibu rumah tangga,SMA,Nusa Tenggara Timur,Rp2.500.000 - Rp5.000.000,Tidak pernah menggunakan aplikasi kesehatan kehamilan,Tidak Pernah Menggunakan Aplikasi,,3,3,3,3,3,,3,3,3,3,3,,3,3,3,3,3,,3,3,3,3,3,,3,3,3,3,3,,3,3,3,3,3,,2,3,3,3,3,,3,3,3,3,3,,3,3,3,3,3,,3,3,3,3,3,,3,3,3,4,3,,3,3,3,3,3,4,,3,3,3,,3,3,3,3,3
26 - 30 Tahun,PNS,S1,Jawa Tengah,> Rp10.000.000,theAsianparent,< 1 Tahun,,3,3,3,3,3,,3,3,3,3,3,,3,3,3,3,3,,3,3,3,3,3,,3,3,3,3,3,,3,3,3,2,3,,3,3,3,3,3,,3,3,3,1,4,,2,2,2,2,2,,2,2,2,1,3,,2,2,3,2,2,,3,3,3,3,3,2,,3,3,3,,4,4,3,2,3
26 - 30 Tahun,Ibu rumah tangga,SMA,Daerah Istimewa Yogyakarta,Rp2.500.000 - Rp5.000.000,Flo,< 1 Tahun,,3,3,3,3,3,,1,3,2,3,3,,2,3,2,3,3,,2,2,3,3,3,,3,3,2,2,3,,3,3,3,3,2,,3,3,3,3,3,,3,3,3,3,3,,2,2,2,3,2,,2,2,2,2,3,,3,3,3,2,2,,2,3,2,2,3,2,,3,3,3,,3,3,3,3,3
20 - 25 Tahun,Ibu rumah tangga,SMP,Jawa Barat,< Rp1.000.000,Tidak pernah menggunakan aplikasi kesehatan kehamilan,Tidak Pernah Menggunakan Aplikasi,,2,2,2,2,2,,2,2,2,2,2,,2,2,2,2,2,,2,2,2,2,2,,2,2,2,2,2,,2,2,2,2,2,,2,2,2,2,2,,2,2,2,2,2,,2,2,2,2,2,,2,2,2,2,2,,2,2,2,2,2,,2,2,2,2,2,2,,2,2,2,,2,2,2,2,2
26 - 30 Tahun,Ibu rumah tangga,S1,Daerah Istimewa Yogyakarta,Rp5.000.000 - Rp10.000.000,Flo,< 1 Tahun,,4,4,3,3,3,,3,3,3,4,4,,2,3,2,3,3,,3,3,2,3,3,,3,3,3,3,3,,3,2,2,3,3,,2,3,3,3,3,,3,4,4,3,3,,2,2,2,2,3,,2,2,2,2,3,,3,3,3,2,3,,4,3,3,3,3,3,,3,3,3,,3,3,3,4,3
26 - 30 Tahun,Ibu rumah tangga,SMA,Bali,Rp5.000.000 - Rp10.000.000,Tidak pernah menggunakan aplikasi kesehatan kehamilan,Tidak Pernah Menggunakan Aplikasi,,4,4,4,4,4,,4,4,4,4,4,,4,4,4,4,4,,4,4,4,4,4,,4,4,4,4,4,,4,4,4,4,4,,4,4,4,4,4,,3,3,3,3,3,,4,4,4,4,4,,4,4,4,4,4,,4,4,4,4,4,,4,4,4,4,4,4,,4,4,4,,4,4,3,3,3
31 -35 Tahun,Ibu rumah tangga,SMA,Jawa Barat,Rp5.000.000 - Rp10.000.000,Teman Bumil,1 - 2 Tahun,,4,3,4,3,4,,4,3,4,4,3,,4,3,4,4,3,,4,4,3,4,4,,3,4,4,3,4,,3,4,4,3,4,,3,4,3,4,3,,3,4,3,4,3,,3,4,4,3,4,,4,3,3,4,4,,3,4,3,4,3,,3,4,4,4,3,4,,4,4,3,,4,4,3,4,4
26 - 30 Tahun,Ibu rumah tangga,S1,DKI Jakarta,Rp5.000.000 - Rp10.000.000,theAsianparent,< 1 Tahun,,4,4,4,1,4,,2,3,3,4,4,,4,1,4,4,4,,4,4,4,4,4,,4,4,4,4,4,,4,4,4,4,4,,1,4,4,4,4,,4,4,4,4,4,,3,4,4,4,4,,4,1,3,4,4,,4,4,1,4,1,,4,4,4,4,4,4,,3,4,4,,4,4,1,4,4
31 -35 Tahun,Ibu rumah tangga,SMA,Jawa Barat,Rp1.000.000 - Rp2.500.000,theAsianparent,> 2 Tahun,,4,4,4,4,4,,4,4,4,4,4,,4,4,4,4,4,,4,4,1,4,4,,4,4,4,4,4,,4,4,4,4,4,,4,4,4,4,4,,4,4,4,4,4,,1,4,1,1,4,,1,4,1,1,4,,1,1,1,1,1,,4,4,4,4,4,4,,4,4,4,,4,4,4,4,4
26 - 30 Tahun,Pegawai Swasta,S1,Banten,Rp2.500.000 - Rp5.000.000,Teman Bumil,< 1 Tahun,,4,4,4,4,4,,4,4,4,3,4,,4,4,4,4,4,,4,4,4,4,4,,3,4,4,4,4,,4,4,4,3,4,,4,4,3,4,3,,4,4,4,4,4,,3,4,4,4,4,,4,4,4,4,3,,4,4,4,4,4,,4,4,4,4,4,4,,4,4,4,,4,4,4,4,4
31 -35 Tahun,Pegawai Swasta,Diploma,Daerah Istimewa Yogyakarta,Rp2.500.000 - Rp5.000.000,Teman Bumil,< 1 Tahun,,3,3,3,3,3,,2,3,3,3,3,,3,4,3,3,3,,3,3,3,3,3,,3,3,3,3,3,,3,1,1,3,3,,3,3,3,3,3,,4,4,4,3,3,,3,3,3,3,3,,2,4,1,2,2,,2,2,2,2,1,,2,2,2,2,2,2,,3,3,3,,4,4,4,4,4
31 -35 Tahun,Ibu rumah tangga,SMA,Jawa Barat,Rp2.500.000 - Rp5.000.000,Teman Bumil,> 2 Tahun,,4,4,4,4,4,,4,4,4,4,4,,4,4,4,4,4,,4,4,4,4,4,,4,4,4,4,4,,4,4,4,4,4,,4,4,4,4,4,,4,4,4,4,4,,1,4,1,4,4,,4,4,4,4,4,,4,4,4,4,4,,4,4,4,4,4,4,,4,4,4,,4,4,4,4,4
31 -35 Tahun,Wiraswasta/Pemilik Bisnis,S1,Jawa Tengah,> Rp10.000.000,Teman Bumil,> 2 Tahun,,4,4,4,4,4,,4,4,4,4,4,,4,4,4,4,4,,4,4,4,4,4,,4,4,4,4,4,,4,4,4,4,4,,4,4,4,4,4,,4,4,4,4,4,,4,4,4,4,4,,4,4,4,4,4,,4,4,4,4,4,,4,4,4,4,4,4,,4,4,4,,4,4,4,4,4
< 20 Tahun,Ibu rumah tangga,SMP,Banten,Rp1.000.000 - Rp2.500.000,Teman Bumil,< 1 Tahun,,4,4,4,4,3,,3,3,3,3,3,,3,3,3,3,3,,3,3,3,3,3,,3,3,3,3,3,,3,3,4,4,4,,4,4,4,3,3,,3,3,3,3,3,,3,3,3,4,4,,4,4,4,3,4,,4,4,4,4,4,,3,3,3,3,3,3,,3,3,4,,4,3,3,3,3
26 - 30 Tahun,Ibu rumah tangga,S1,Jawa Timur,Rp2.500.000 - Rp5.000.000,Flo,> 2 Tahun,,4,4,4,4,4,,4,4,4,4,4,,1,1,1,1,4,,4,4,2,4,4,,4,4,4,4,4,,3,4,4,4,4,,4,4,4,4,4,,3,3,3,3,4,,4,3,2,2,4,,3,3,4,2,3,,1,1,1,1,1,,4,4,4,4,4,4,,3,4,4,,4,3,3,4,3
31 -35 Tahun,Guru / Dosen,S1,Sumatera Barat,Rp2.500.000 - Rp5.000.000,Flo,> 2 Tahun,,3,3,3,3,3,,3,3,3,3,3,,3,3,3,3,3,,3,3,3,3,3,,3,3,3,3,3,,3,3,3,3,3,,3,3,3,3,3,,3,3,3,3,3,,3,3,3,3,3,,2,2,2,2,2,,3,3,2,2,2,,3,3,3,3,3,3,,3,3,3,,3,3,3,3,3
26 - 30 Tahun,Lainnya,S1,Jawa Tengah,Rp1.000.000 - Rp2.500.000,Kehamilan+,< 1 Tahun,,3,3,3,3,3,,3,3,3,3,3,,3,3,3,3,3,,3,3,3,3,3,,3,3,3,3,3,,3,3,3,3,3,,3,3,3,3,3,,3,3,3,3,3,,3,3,3,3,3,,3,3,3,3,3,,3,3,3,3,3,,3,3,3,3,3,3,,3,3,3,,3,3,3,3,3
31 -35 Tahun,Pegawai Swasta,SMA,Daerah Istimewa Yogyakarta,Rp1.000.000 - Rp2.500.000,theAsianparent,1 - 2 Tahun,,3,3,3,3,3,,2,3,3,3,3,,4,2,2,3,3,,2,2,2,2,2,,3,3,2,2,3,,2,2,2,2,2,,2,4,2,3,3,,3,3,3,3,3,,3,3,2,2,3,,2,3,3,1,2,,2,2,4,2,2,,3,3,3,3,3,3,,4,4,3,,3,3,3,3,3
26 - 30 Tahun,Ibu rumah tangga,SMA,Sumatera Barat,Rp1.000.000 - Rp2.500.000,Tidak pernah menggunakan aplikasi kesehatan kehamilan,Tidak Pernah Menggunakan Aplikasi,,2,2,2,2,2,,2,2,2,2,2,,2,2,2,2,2,,2,2,2,2,2,,2,2,2,2,2,,2,2,2,2,2,,2,2,2,2,2,,2,2,2,2,2,,2,2,2,2,2,,3,2,2,2,2,,2,2,2,2,2,,2,2,2,2,2,2,,2,2,2,,2,2,2,2,2
31 -35 Tahun,Guru / Dosen,S1,Sumatera Barat,Rp2.500.000 - Rp5.000.000,Flo,< 1 Tahun,,3,3,3,3,3,,3,3,3,3,3,,3,3,3,3,3,,3,3,3,3,3,,3,3,3,3,3,,3,3,3,3,3,,3,3,3,3,3,,3,3,3,3,3,,3,3,3,3,2,,2,2,2,2,2,,3,3,2,2,2,,3,3,3,3,3,3,,3,3,3,,3,3,3,3,3
31 -35 Tahun,Wiraswasta/Pemilik Bisnis,Diploma,Sumatera Barat,Rp2.500.000 - Rp5.000.000,Tidak pernah menggunakan aplikasi kesehatan kehamilan,< 1 Tahun,,3,3,3,3,3,,2,3,3,3,3,,3,4,3,3,3,,3,3,3,3,3,,3,3,3,3,3,,3,1,1,3,3,,3,3,3,3,3,,4,4,4,4,3,,3,3,3,3,3,,2,4,1,2,2,,2,2,2,2,1,,2,2,2,2,2,2,,3,3,3,,3,4,4,4,4
31 -35 Tahun,Ibu rumah tangga,SMA,Sumatera Barat,Rp5.000.000 - Rp10.000.000,Tidak pernah menggunakan aplikasi kesehatan kehamilan,Tidak Pernah Menggunakan Aplikasi,,3,3,3,3,3,,3,3,2,3,2,,3,3,3,3,3,,3,3,2,3,2,,2,2,2,2,3,,3,2,3,3,3,,2,2,3,3,3,,3,3,3,3,3,,2,3,2,2,2,,2,3,3,3,3,,3,3,3,3,3,,3,3,3,3,3,3,,3,3,3,,3,2,2,3,2
31 -35 Tahun,Ibu rumah tangga,SMA,Sumatera Barat,Rp2.500.000 - Rp5.000.000,Pregnancy+,< 1 Tahun,,4,3,3,3,3,,4,4,3,4,4,,4,2,2,3,4,,3,3,3,4,3,,3,2,3,2,3,,2,3,3,3,3,,3,3,3,3,2,,3,4,4,4,3,,1,3,2,3,3,,2,4,1,1,2,,3,3,2,2,2,,4,4,4,3,3,1,,4,4,3,,1,3,3,3,2
31 -35 Tahun,Ibu rumah tangga,SMA,Daerah Istimewa Yogyakarta,> Rp10.000.000,Pregnancy+,> 2 Tahun,,4,4,4,4,4,,4,4,4,4,4,,1,1,1,1,3,,3,4,1,4,4,,4,4,4,4,4,,4,3,3,3,3,,4,4,4,4,4,,4,4,4,4,4,,1,3,2,4,4,,2,2,2,1,2,,1,1,1,1,1,,3,4,3,3,3,3,,4,4,4,,4,4,4,4,4
26 - 30 Tahun,Ibu rumah tangga,S1,Jawa Barat,< Rp1.000.000,HalloBumil,1 - 2 Tahun,,4,4,4,4,4,,4,4,4,4,4,,4,4,4,4,4,,4,4,4,4,4,,4,3,4,4,4,,4,4,4,4,4,,4,4,4,4,4,,4,4,4,4,3,,4,4,4,4,4,,4,4,4,4,4,,4,4,4,4,3,,4,4,4,3,4,3,,4,4,4,,4,4,4,4,4
26 - 30 Tahun,Guru / Dosen,S1,Jawa Timur,Rp1.000.000 - Rp2.500.000,Teman Bumil,< 1 Tahun,,4,4,4,4,4,,3,3,3,3,3,,1,1,1,1,3,,3,2,3,4,3,,3,3,3,3,3,,3,3,3,3,3,,2,3,3,3,4,,4,4,4,2,4,,2,2,2,4,3,,3,3,2,1,2,,1,1,1,1,1,,3,3,3,3,3,3,,4,4,4,,3,3,3,3,3
20 - 25 Tahun,Lainnya,SMA,DKI Jakarta,Rp5.000.000 - Rp10.000.000,Flo,< 1 Tahun,,3,2,3,3,3,,3,3,3,4,3,,2,1,1,3,3,,3,3,3,3,3,,3,3,3,3,3,,2,1,1,3,2,,3,2,2,3,2,,3,3,3,3,3,,1,3,1,2,2,,3,2,2,1,2,,3,2,1,1,1,,3,3,3,3,3,3,,3,3,3,,2,2,3,3,3
20 - 25 Tahun,Pegawai Swasta,S1,Jawa Tengah,Rp5.000.000 - Rp10.000.000,Flo,> 2 Tahun,,4,4,4,4,4,,4,4,4,4,4,,4,4,4,4,4,,4,4,4,4,4,,4,4,4,4,4,,4,4,4,4,3,,4,4,4,4,3,,4,4,4,4,4,,2,1,2,3,3,,4,4,3,1,2,,3,4,4,2,2,,4,4,4,4,4,4,,4,4,4,,4,4,4,4,4
> 35 Tahun,PNS,S1,Jawa Barat,> Rp10.000.000,Flo,> 2 Tahun,,4,4,4,4,4,,4,4,4,4,4,,4,4,4,3,4,,4,4,4,4,4,,3,4,4,4,4,,4,3,4,4,4,,4,4,4,4,4,,4,4,4,4,4,,4,4,4,4,4,,2,4,4,1,4,,1,1,1,1,1,,4,4,4,4,4,4,,4,3,4,,4,4,4,4,4
26 - 30 Tahun,Ibu rumah tangga,S1,Kalimantan Barat,> Rp10.000.000,Flo,1 - 2 Tahun,,3,3,3,3,3,,3,3,3,3,3,,3,3,3,3,3,,3,3,3,3,3,,3,3,3,3,3,,3,3,3,3,3,,3,3,3,3,3,,3,3,3,3,3,,2,2,3,3,3,,2,2,2,2,2,,2,2,2,2,2,,4,3,3,3,3,3,,3,3,3,,3,3,3,3,3
20 - 25 Tahun,Pegawai Swasta,SMA,Jawa Barat,Rp5.000.000 - Rp10.000.000,bomee,< 1 Tahun,,3,3,3,3,3,,3,3,3,3,3,,3,3,3,3,3,,3,3,3,3,3,,3,3,3,3,3,,3,3,3,3,3,,3,3,3,3,3,,3,3,3,3,3,,3,3,2,3,3,,3,3,3,3,3,,3,3,3,3,3,,3,3,3,3,3,3,,3,3,3,,3,3,3,3,3
26 - 30 Tahun,Ibu rumah tangga,SMA,DKI Jakarta,Rp5.000.000 - Rp10.000.000,theAsianparent,1 - 2 Tahun,,3,3,2,2,3,,3,2,3,3,3,,3,2,3,4,4,,4,3,3,3,2,,4,3,3,3,3,,3,3,3,3,3,,3,3,3,3,3,,2,2,3,2,2,,2,2,2,2,2,,4,3,4,4,4,,4,4,4,4,4,,2,2,2,3,3,3,,2,3,3,,3,3,3,2,3
26 - 30 Tahun,Ibu rumah tangga,S2,Banten,Rp2.500.000 - Rp5.000.000,Bomee,> 2 Tahun,,4,4,4,4,4,,3,4,4,4,4,,3,2,2,4,4,,4,4,4,4,4,,4,4,4,4,4,,4,2,2,3,3,,3,3,3,3,3,,4,3,4,4,4,,3,2,2,4,4,,2,1,3,1,1,,4,4,4,2,2,,3,4,4,3,3,3,,3,3,3,,4,4,4,4,4
20 - 25 Tahun,Ibu rumah tangga,SMA,Banten,Rp2.500.000 - Rp5.000.000,theAsianparent,< 1 Tahun,,4,3,4,3,4,,3,3,3,3,3,,3,3,3,3,3,,3,3,3,3,3,,3,3,3,3,3,,3,3,3,4,3,,3,3,3,3,3,,4,3,3,3,4,,2,3,2,3,3,,4,4,3,2,4,,4,4,4,4,4,,4,3,3,3,3,3,,4,4,4,,4,4,2,4,3
26 - 30 Tahun,Wiraswasta/Pemilik Bisnis,SMA,Jawa Barat,Rp2.500.000 - Rp5.000.000,theAsianparent,< 1 Tahun,,4,4,4,4,4,,4,4,4,4,4,,4,4,4,4,4,,4,4,4,4,4,,4,4,4,4,4,,4,4,4,4,4,,4,4,4,4,4,,4,4,4,4,4,,4,2,3,4,4,,3,3,2,1,2,,1,1,1,1,1,,4,4,4,4,4,4,,4,4,4,,4,4,4,4,4
26 - 30 Tahun,PNS,S1,Jawa Timur,Rp5.000.000 - Rp10.000.000,Tentang Anak,> 2 Tahun,,4,4,4,4,4,,4,4,4,4,4,,3,3,3,3,4,,4,4,4,4,4,,4,4,4,4,4,,4,4,4,4,4,,4,4,4,4,4,,4,4,4,4,4,,4,4,4,4,4,,2,2,3,2,3,,2,2,3,3,2,,3,4,4,4,4,3,,4,4,4,,4,3,4,4,4
26 - 30 Tahun,Ibu rumah tangga,S1,DKI Jakarta,Rp5.000.000 - Rp10.000.000,theAsianparent,< 1 Tahun,,4,4,4,4,4,,4,4,4,4,4,,4,1,1,1,4,,4,4,4,4,4,,4,4,4,4,4,,4,4,3,4,4,,1,4,4,3,4,,4,4,4,1,4,,4,3,1,4,1,,2,4,1,1,1,,1,1,1,1,1,,4,1,1,1,4,4,,4,4,4,,4,4,4,4,4
20 - 25 Tahun,Ibu rumah tangga,SMA,Jawa Barat,Rp5.000.000 - Rp10.000.000,Tidak pernah menggunakan aplikasi kesehatan kehamilan,Tidak Pernah Menggunakan Aplikasi,,2,2,2,2,2,,2,2,2,2,2,,2,2,2,2,2,,2,2,2,2,2,,2,2,2,2,2,,2,2,2,2,2,,2,2,2,2,2,,2,2,2,2,2,,2,2,2,2,2,,4,4,2,2,4,,1,1,1,1,1,,2,2,2,2,2,2,,2,2,2,,2,2,2,2,2
31 -35 Tahun,Wiraswasta/Pemilik Bisnis,S1,Riau,Rp2.500.000 - Rp5.000.000,Flo,> 2 Tahun,,3,2,3,2,3,,3,3,3,3,3,,2,3,1,3,3,,3,3,1,3,4,,3,2,3,3,3,,3,1,1,3,2,,3,3,3,3,4,,4,4,3,4,3,,2,3,1,2,2,,2,2,1,1,3,,1,1,1,1,1,,3,2,3,3,3,3,,3,3,3,,4,3,2,2,2
26 - 30 Tahun,Guru / Dosen,S1,Jawa Timur,> Rp10.000.000,theAsianparent,< 1 Tahun,,4,4,4,4,3,,3,4,4,3,4,,2,1,1,1,3,,3,3,3,3,4,,3,3,3,4,3,,3,2,4,4,3,,2,3,3,3,3,,3,3,3,3,3,,1,1,1,2,2,,2,2,2,1,3,,1,1,1,1,1,,3,3,3,3,3,3,,3,3,3,,4,4,3,3,3
26 - 30 Tahun,Ibu rumah tangga,SMA,Jawa Barat,Rp2.500.000 - Rp5.000.000,HalloBumil,< 1 Tahun,,4,4,4,4,4,,4,4,4,4,4,,3,4,4,4,4,,4,3,3,4,4,,4,4,4,4,4,,4,3,4,4,4,,4,4,4,4,4,,4,4,4,4,4,,4,4,4,4,4,,4,4,4,4,4,,4,4,4,4,4,,4,4,3,4,4,4,,4,4,3,,4,3,3,4,4
26 - 30 Tahun,Pegawai Swasta,S1,DKI Jakarta,Rp5.000.000 - Rp10.000.000,HalloBumil,< 1 Tahun,,3,3,3,3,3,,3,3,3,3,3,,3,3,3,3,3,,3,3,3,3,3,,3,3,3,3,3,,3,3,3,3,3,,3,3,3,3,3,,3,3,3,3,3,,3,3,3,3,3,,3,3,3,3,3,,3,3,2,2,2,,3,3,3,3,3,3,,3,3,3,,3,3,3,3,3
> 35 Tahun,Ibu rumah tangga,SMA,DKI Jakarta,Rp5.000.000 - Rp10.000.000,Pregnancy+,1 - 2 Tahun,,4,4,4,4,3,,4,4,4,4,4,,4,3,3,3,3,,3,4,4,4,4,,3,3,3,3,3,,3,3,3,3,4,,3,3,3,3,3,,4,4,4,4,4,,4,4,2,4,4,,4,4,4,3,4,,4,4,4,4,4,,3,3,3,3,3,3,,4,3,4,,4,4,4,4,4
20 - 25 Tahun,Ibu rumah tangga,SMA,Jawa Tengah,Rp2.500.000 - Rp5.000.000,meet you,1 - 2 Tahun,,3,3,3,3,3,,3,3,3,3,3,,3,3,3,3,3,,3,3,3,3,3,,3,3,3,3,3,,3,3,3,3,3,,3,3,3,3,3,,3,3,3,3,3,,3,3,3,4,3,,3,3,3,3,3,,3,3,3,3,3,,3,3,3,3,3,3,,3,3,3,,3,3,3,3,3
26 - 30 Tahun,Ibu rumah tangga,S1,Kalimantan Selatan,Rp5.000.000 - Rp10.000.000,Flo,< 1 Tahun,,4,4,4,4,4,,4,4,4,4,4,,1,1,1,1,4,,4,4,4,4,4,,4,4,4,4,4,,4,4,4,4,4,,4,4,4,4,4,,4,4,4,4,4,,4,4,4,4,4,,2,4,2,2,2,,4,4,4,4,4,,4,4,4,4,4,4,,4,4,4,,4,4,4,4,4
26 - 30 Tahun,Ibu rumah tangga,SMA,Jawa Barat,Rp2.500.000 - Rp5.000.000,theAsianparent,< 1 Tahun,,4,4,4,4,4,,4,4,3,4,4,,3,3,3,3,3,,3,4,3,4,4,,4,4,4,4,4,,4,2,2,4,2,,4,4,4,4,4,,4,4,4,4,3,,2,4,2,4,4,,2,3,3,1,3,,4,4,3,4,3,,4,4,4,4,4,1,,4,4,4,,3,4,3,3,4
20 - 25 Tahun,Ibu rumah tangga,SMA,Banten,Rp2.500.000 - Rp5.000.000,theAsianparent,> 2 Tahun,,3,3,3,3,3,,3,3,3,3,3,,3,3,3,3,3,,3,3,3,3,3,,3,3,3,3,3,,3,3,3,3,3,,3,3,3,3,3,,3,3,3,3,3,,2,3,2,3,3,,3,2,3,2,3,,2,3,2,2,2,,3,3,3,3,3,3,,3,3,3,,3,3,3,3,3
20 - 25 Tahun,Ibu rumah tangga,S1,Sulawesi Barat,Rp1.000.000 - Rp2.500.000,Meet you,1 - 2 Tahun,,4,4,4,2,3,,3,3,3,3,3,,4,3,3,2,3,,3,3,3,4,4,,3,3,3,3,3,,3,2,1,3,3,,3,4,3,3,3,,3,4,3,3,3,,2,1,2,2,2,,1,4,3,1,4,,3,3,2,2,1,,3,4,3,3,3,3,,3,3,3,,4,4,2,3,2
20 - 25 Tahun,Ibu rumah tangga,S1,DKI Jakarta,Rp2.500.000 - Rp5.000.000,theAsianparent,< 1 Tahun,,4,4,4,4,4,,3,3,3,3,3,,4,4,4,4,4,,4,4,4,4,4,,4,4,4,4,4,,4,4,4,4,4,,4,4,4,4,4,,3,4,4,4,4,,4,4,4,4,4,,4,4,4,4,4,,3,3,3,4,4,,3,4,4,4,4,4,,4,4,4,,4,4,4,4,4
> 35 Tahun,Lainnya,S1,Banten,< Rp1.000.000,Tidak pernah menggunakan aplikasi kesehatan kehamilan,Tidak Pernah Menggunakan Aplikasi,,3,3,3,3,3,,3,3,3,3,3,,3,3,3,3,3,,3,3,3,3,3,,3,3,3,3,3,,3,3,3,3,3,,1,3,3,3,1,,3,3,3,3,3,,3,3,2,3,3,,2,3,3,2,3,,3,3,2,1,2,,3,3,3,3,3,3,,3,3,3,,3,3,3,3,3
31 -35 Tahun,Guru / Dosen,S1,Jawa Tengah,Rp1.000.000 - Rp2.500.000,Flo,> 2 Tahun,,3,3,3,4,3,,3,3,3,3,3,,2,2,2,2,3,,3,3,2,3,3,,3,3,3,3,3,,3,3,3,3,3,,3,3,3,3,3,,3,3,3,3,3,,3,3,3,3,3,,3,3,2,1,2,,1,2,2,3,1,,3,3,3,3,3,3,,3,3,3,,3,3,3,3,3
31 -35 Tahun,Ibu rumah tangga,SMP,Jawa Timur,Rp2.500.000 - Rp5.000.000,Pregnancy+,> 2 Tahun,,4,4,4,4,4,,4,4,4,4,4,,4,4,4,4,4,,4,4,4,4,4,,4,4,4,4,4,,4,4,4,4,4,,4,4,4,4,4,,3,3,3,3,3,,4,4,4,4,4,,4,4,4,4,4,,4,4,4,4,4,,4,4,4,4,4,4,,4,4,4,,4,3,3,3,2
20 - 25 Tahun,Ibu rumah tangga,Diploma,Jawa Barat,Rp5.000.000 - Rp10.000.000,Flo,> 2 Tahun,,4,3,4,2,3,,2,4,4,3,4,,2,4,4,1,3,,3,4,4,4,4,,3,3,3,3,3,,3,3,2,4,4,,4,3,3,4,4,,4,4,2,1,1,,2,4,4,4,3,,2,3,4,1,3,,1,2,1,1,1,,3,3,4,4,4,4,,3,4,4,,4,4,3,4,4
31 -35 Tahun,Lainnya,SMA,Jawa Timur,Rp2.500.000 - Rp5.000.000,HaiBunda,> 2 Tahun,,3,3,3,4,4,,4,4,3,3,4,,3,2,2,2,4,,3,4,4,4,4,,4,4,4,4,4,,4,4,3,3,3,,3,3,3,3,3,,4,4,4,4,3,,4,4,4,4,4,,2,4,2,1,3,,3,3,3,3,3,,4,4,4,4,4,4,,4,4,4,,4,4,4,4,4
26 - 30 Tahun,Ibu rumah tangga,Diploma,DKI Jakarta,Rp2.500.000 - Rp5.000.000,Flo,> 2 Tahun,,4,3,4,4,4,,4,4,4,4,4,,4,2,2,3,4,,4,4,3,4,4,,4,4,4,2,4,,2,3,2,4,4,,4,4,4,4,4,,4,4,4,4,4,,3,4,2,4,4,,2,1,4,1,2,,1,1,1,1,1,,4,3,3,3,4,4,,4,4,4,,4,4,4,4,4
26 - 30 Tahun,Ibu rumah tangga,SMA,Jawa Barat,Rp1.000.000 - Rp2.500.000,PrimaKu,< 1 Tahun,,3,3,3,3,3,,3,4,4,3,3,,3,2,2,3,4,,3,2,2,3,3,,3,3,3,3,3,,3,3,3,3,3,,2,3,3,3,3,,3,3,3,3,3,,2,3,2,3,3,,3,3,3,3,3,,2,2,2,2,2,,3,2,3,2,2,3,,3,3,3,,3,3,3,3,3
26 - 30 Tahun,Ibu rumah tangga,S1,Sumatera Utara,Rp2.500.000 - Rp5.000.000,Teman Bumil,> 2 Tahun,,4,4,4,3,4,,4,4,4,4,4,,2,2,2,2,4,,4,4,4,4,4,,4,2,3,3,4,,3,2,2,4,4,,4,4,4,4,4,,4,4,4,4,3,,1,4,1,2,1,,2,2,1,1,3,,2,2,2,2,2,,4,4,4,4,4,4,,4,4,4,,4,4,4,3,3
26 - 30 Tahun,Ibu rumah tangga,SMA,Jawa Barat,Rp2.500.000 - Rp5.000.000,Flo,> 2 Tahun,,4,3,3,4,3,,4,3,3,4,4,,1,1,1,3,4,,3,4,2,4,4,,3,3,3,3,4,,3,2,2,3,2,,3,3,3,4,4,,3,3,3,3,3,,3,3,3,3,3,,3,2,2,1,3,,2,2,2,1,1,,3,2,2,2,3,4,,3,4,4,,3,3,3,3,3
26 - 30 Tahun,Ibu rumah tangga,S1,Jawa Barat,> Rp10.000.000,Teman Bumil,< 1 Tahun,,3,4,4,3,3,,4,4,4,2,4,,3,3,3,3,3,,3,4,2,4,4,,3,3,3,3,4,,3,4,4,4,4,,3,4,3,4,3,,3,3,4,3,4,,2,3,2,4,3,,1,2,1,2,2,,2,2,2,2,2,,4,3,3,3,3,4,,4,4,4,,3,3,3,4,3
31 -35 Tahun,Tenaga Kesehatan Dokter/Bidan/Perawat,Diploma,Sumatera Selatan,Rp2.500.000 - Rp5.000.000,HalloBumil,< 1 Tahun,,4,4,4,4,4,,4,4,4,4,4,,4,4,4,4,4,,4,4,4,4,4,,4,4,4,4,4,,4,4,4,4,4,,4,4,4,4,4,,4,3,4,4,2,,4,4,4,4,4,,4,4,4,4,4,,4,4,4,4,4,,4,4,4,4,4,4,,4,4,4,,4,4,4,4,4
31 -35 Tahun,Ibu rumah tangga,SMA,Sumatera Selatan,Rp1.000.000 - Rp2.500.000,HalloBumil,< 1 Tahun,,3,3,3,3,3,,3,3,3,3,3,,3,3,3,3,3,,3,3,3,3,3,,3,3,3,3,3,,3,3,3,3,3,,2,3,3,3,3,,3,3,3,3,3,,2,2,2,2,3,,3,3,3,2,3,,3,3,3,3,3,,3,3,3,3,3,3,,3,3,3,,3,3,3,3,3
31 – 35 tahun,Ibu rumah tangga,S1,Sumatera Barat,> Rp10.000.000,Tentang Anak,< 1 Tahun,,4,4,4,4,4,,4,4,4,4,4,,4,4,4,4,4,,4,4,4,4,4,,4,4,4,4,4,,4,4,4,4,4,,4,4,4,4,4,,4,4,4,4,4,,4,4,4,4,4,,4,4,4,4,4,,4,4,4,4,4,,4,4,4,4,4,4,,4,4,4,,4,4,4,4,4
20 – 25 tahun,Ibu rumah tangga,SMA/SMK,Papua Selatan,Rp1.000.000 – Rp2.500.000,HalloBumil,< 1 Tahun,,4,4,4,4,4,,4,4,4,4,4,,4,4,4,4,3,,4,3,4,4,4,,4,4,4,4,4,,4,3,4,4,4,,4,4,4,4,4,,3,3,3,3,3,,3,3,3,3,3,,3,3,3,3,3,,3,3,3,3,3,,3,3,3,3,3,3,,3,3,3,,4,4,4,4,4
20 – 25 tahun,Ibu rumah tangga,SMA/SMK,Jawa Timur,Rp2.500.000 – Rp5.000.000,theAsianparent,< 1 Tahun,,4,3,4,4,4,,4,3,4,4,4,,4,4,4,4,4,,4,4,4,4,4,,4,4,4,4,4,,4,4,4,4,4,,1,4,3,4,4,,4,4,4,4,4,,4,4,4,4,4,,4,4,4,4,4,,4,1,1,4,1,,4,4,4,4,4,4,,4,4,4,,1,1,1,1,4
20 – 25 tahun,Ibu rumah tangga ,SMA/SMK,Jawa Barat,Rp2.500.000 – Rp5.000.000,Pregnancy+,1 – 2 Tahun,,4,4,4,2,4,,4,4,4,4,4,,4,4,4,4,4,,4,4,4,4,4,,4,4,4,4,4,,4,4,4,4,4,,4,4,4,4,4,,4,4,4,4,4,,4,4,4,4,4,,4,4,4,4,3,,4,4,4,4,4,,4,4,4,4,4,4,,4,4,4,,4,4,4,4,4
20 – 25 tahun,Mahasiswa,SMA/SMK,Papua Selatan,Rp1.000.000 – Rp2.500.000,Pregnancy+,< 1 Tahun,,3,3,4,3,3,,3,3,3,3,3,,3,3,3,3,3,,3,3,3,4,4,,3,3,3,3,3,,3,3,3,3,3,,3,3,3,3,3,,3,3,3,3,3,,2,4,2,4,4,,1,3,2,1,3,,2,3,2,3,3,,4,4,4,3,1,3,,3,4,4,,3,3,3,3,3
> 35 tahun,Ibu rumah tangga,SMA/SMK,Papua Selatan,Rp1.000.000 – Rp2.500.000,Tidak pernah menggunakan aplikasi kesehatan kehamilan,< 1 Tahun,,4,4,4,4,4,,4,4,4,4,4,,4,4,4,4,4,,4,4,4,4,4,,4,4,4,4,4,,4,4,4,4,4,,4,4,4,4,4,,4,4,4,4,4,,4,4,4,4,4,,4,4,4,4,4,,4,4,4,4,4,,4,4,4,4,4,4,,4,4,4,,4,4,4,4,4
> 35 tahun,IRT,Sarjana (S1),Jawa Barat,> Rp10.000.000,Pregnancy+,< 1 Tahun,,3,2,3,3,3,,3,4,3,4,3,,3,1,1,1,4,,3,3,2,4,4,,3,3,3,2,2,,3,3,3,3,3,,3,3,3,3,3,,3,3,3,3,3,,2,2,2,2,3,,3,3,3,1,3,,3,3,2,2,1,,3,3,3,3,3,3,,3,3,3,,3,3,2,3,3
31 – 35 tahun,Irt,Sarjana (S1),Jawa Barat,Rp1.000.000 – Rp2.500.000,Pregnancy+,< 1 Tahun,,4,3,4,4,4,,4,4,4,4,4,,3,3,3,3,4,,3,4,3,4,4,,3,3,3,3,3,,3,3,2,4,3,,2,3,3,3,3,,3,3,3,3,3,,2,2,2,2,2,,2,3,2,2,2,,3,3,2,2,2,,3,4,3,2,2,3,,4,3,3,,4,4,3,3,4
20 – 25 tahun,IBU RUMAH TANGGA,SMA/SMK,Kalimantan Timur,Rp2.500.000 – Rp5.000.000,Flo,> 2 Tahun,,4,4,4,4,4,,4,4,4,4,4,,4,4,4,4,4,,4,4,4,4,4,,4,4,4,4,4,,4,4,3,4,4,,4,4,4,4,4,,4,4,4,4,4,,2,3,2,4,4,,3,2,1,1,4,,4,4,4,4,4,,4,4,4,2,3,4,,4,4,4,,4,4,3,4,4
31 – 35 tahun,Ibu Rumah Tangga,Sarjana (S1),Jawa Timur,Rp5.000.000 – Rp10.000.000,theAsianparent,> 2 Tahun,,4,3,4,4,4,,2,4,4,4,4,,2,2,2,2,4,,4,4,2,4,4,,4,4,4,4,4,,4,4,3,4,4,,4,4,4,4,4,,4,4,4,4,3,,1,3,2,4,4,,2,3,2,2,4,,4,4,4,3,4,,4,4,4,1,4,3,,4,4,4,,4,4,4,3,4
20 – 25 tahun,Honorer,Sarjana (S1),Jawa Barat,Rp2.500.000 – Rp5.000.000,Tidak pernah menggunakan aplikasi kesehatan kehamilan,< 1 Tahun,,4,4,4,4,4,,4,4,4,4,4,,4,4,4,4,3,,4,3,4,4,3,,4,4,4,3,4,,4,3,3,4,3,,4,3,4,4,4,,4,4,4,4,4,,4,4,4,4,4,,2,3,4,3,4,,4,4,4,4,4,,4,4,4,4,4,4,,4,4,4,,3,3,3,3,3
20 – 25 tahun,Guru,Sarjana (S1),Banten,Rp5.000.000 – Rp10.000.000,Pregnancy+,< 1 Tahun,,4,2,4,4,4,,4,4,4,4,4,,4,4,4,4,4,,4,4,4,4,4,,4,4,4,4,4,,4,4,4,4,4,,4,4,4,4,4,,4,4,4,4,4,,4,4,4,4,4,,1,1,1,2,2,,1,1,1,1,1,,4,4,4,4,4,4,,4,4,4,,4,4,4,4,4
26 – 30 tahun,Karyawan swasta,Sarjana (S1),Jawa Timur,Rp5.000.000 – Rp10.000.000,Flo,< 1 Tahun,,4,3,4,4,3,,4,3,3,4,4,,3,4,4,4,4,,4,4,4,4,4,,4,4,4,4,3,,4,4,4,4,4,,4,4,3,4,4,,4,4,4,4,4,,3,3,3,3,3,,4,4,4,4,4,,4,4,1,1,2,,4,4,4,2,4,4,,4,4,4,,4,4,4,4,4
20 – 25 tahun,Ibu rumah tangga,SMA/SMK,Jawa Barat,Rp2.500.000 – Rp5.000.000,Pregnancy+,< 1 Tahun,,4,3,4,3,3,,3,3,3,3,3,,3,3,3,3,3,,3,3,3,3,3,,3,3,3,3,3,,3,3,3,3,3,,3,3,3,3,3,,3,3,3,3,3,,3,3,3,3,3,,3,3,3,3,3,,3,3,3,3,3,,3,3,3,3,3,3,,3,3,3,,3,3,3,3,3
26 – 30 tahun,Ibu Rumah Tangga,Sarjana (S1),Jawa Timur,Rp2.500.000 – Rp5.000.000,theAsianparent,< 1 Tahun,,4,2,4,4,4,,4,4,4,4,4,,2,2,2,2,4,,4,4,2,4,4,,4,4,4,4,4,,4,2,2,4,4,,2,4,4,4,4,,4,4,4,4,4,,2,2,2,2,2,,1,4,4,1,3,,2,1,1,1,1,,4,4,3,2,3,3,,4,4,4,,4,4,4,4,4
26 – 30 tahun,Ibu rumah tangga,SMA/SMK,Jawa Barat,Rp1.000.000 – Rp2.500.000,Tentang Anak,< 1 Tahun,,4,4,4,4,4,,4,4,4,4,4,,4,4,4,4,4,,4,4,4,4,4,,4,4,4,4,4,,4,4,4,4,4,,4,4,4,4,4,,4,4,4,4,4,,4,4,4,4,4,,4,4,4,4,4,,4,4,4,4,4,,4,4,4,4,4,4,,4,4,4,,4,4,4,4,4
26 – 30 tahun,Ibu rumah tangga,SMA/SMK,Jawa Barat,Rp2.500.000 – Rp5.000.000,theAsianparent,< 1 Tahun,,3,3,4,3,3,,3,3,3,3,3,,3,2,2,3,3,,3,3,3,3,3,,3,3,3,3,3,,3,3,3,3,3,,3,3,3,3,3,,3,3,3,3,3,,2,3,2,2,3,,3,3,3,3,3,,2,3,2,3,3,,3,3,3,2,2,3,,3,3,3,,3,3,3,3,3
26 – 30 tahun,Karyawan Swasta,Sarjana (S1),Jawa Timur,Rp5.000.000 – Rp10.000.000,Flo,1 – 2 Tahun,,3,4,3,3,2,,3,3,3,3,3,,3,3,3,4,2,,2,3,3,4,3,,3,3,3,2,2,,2,3,3,3,3,,3,3,2,3,2,,3,3,3,3,3,,3,3,3,3,3,,3,3,3,3,3,,3,3,3,3,3,,3,3,3,3,3,3,,3,3,3,,3,3,2,3,3
31 – 35 tahun,ibu rumah tangga,SMA/SMK,Sumatera Utara,Rp1.000.000 – Rp2.500.000,HalloBumil,> 2 Tahun,,4,4,4,4,4,,4,4,4,4,4,,4,4,4,4,4,,4,4,4,4,4,,4,4,4,4,4,,4,4,4,4,4,,4,4,4,4,4,,4,4,4,4,4,,4,4,4,4,4,,4,4,4,4,4,,4,4,4,4,4,,4,4,4,1,4,4,,4,4,4,,4,4,4,4,4
31 – 35 tahun,Karyawan,SMA/SMK,DKI Jakarta,Rp2.500.000 – Rp5.000.000,Tidak pernah menggunakan aplikasi kesehatan kehamilan,< 1 Tahun,,2,2,4,2,2,,4,4,4,4,4,,4,4,4,4,4,,4,4,1,2,2,,4,4,4,4,4,,4,4,4,4,4,,4,4,4,4,4,,4,4,4,4,4,,1,1,1,2,1,,4,4,1,1,1,,1,1,4,4,4,,4,4,4,4,4,4,,4,4,4,,4,4,4,4,4
20 – 25 tahun,Tata Usaha,Sarjana (S1),Jawa Barat,Rp1.000.000 – Rp2.500.000,Pregnancy+,< 1 Tahun,,4,2,3,3,3,,3,3,3,3,3,,2,2,2,2,3,,3,3,2,3,3,,3,3,3,2,3,,3,3,3,3,3,,2,3,2,3,2,,3,3,3,3,3,,2,2,2,3,3,,3,3,2,2,2,,3,3,2,2,2,,3,3,3,3,2,3,,3,3,3,,3,2,2,2,3
> 35 tahun,Ibu Rumah Tangga,Sarjana (S1),Jawa Barat,Rp2.500.000 – Rp5.000.000,HalloBumil,< 1 Tahun,,3,2,3,2,3,,2,3,3,3,3,,3,2,2,2,3,,3,3,2,3,3,,3,3,3,2,3,,3,3,2,3,3,,3,3,3,3,2,,3,3,3,2,3,,2,2,2,3,3,,3,3,2,2,3,,2,2,2,2,2,,3,3,3,2,3,3,,3,3,3,,2,2,2,2,3
26 – 30 tahun,Apoteker ,Sarjana (S1),Papua Barat Daya,Rp1.000.000 – Rp2.500.000,Pregnancy+,< 1 Tahun,,3,2,4,3,3,,4,4,4,4,4,,2,2,2,2,4,,3,4,3,4,4,,4,4,4,4,4,,3,3,3,3,3,,3,3,4,4,4,,3,3,3,3,3,,2,3,3,3,3,,3,3,3,1,3,,3,3,3,3,3,,3,3,3,1,1,3,,3,3,3,,3,3,4,4,3
26 – 30 tahun,IRT,Sarjana (S1),Papua Barat,Rp2.500.000 – Rp5.000.000,Flo,< 1 Tahun,,4,3,4,4,3,,3,3,3,3,3,,3,3,3,3,3,,3,3,3,3,3,,3,3,3,3,3,,3,3,3,3,3,,3,3,3,3,3,,3,3,3,3,3,,3,3,3,3,3,,3,3,3,3,3,,3,3,3,3,3,,3,3,3,3,3,3,,3,3,3,,3,3,2,3,3
31 – 35 tahun,Karyawan Swasta,Magister (S2),Daerah Istimewa Yogyakarta,Rp2.500.000 – Rp5.000.000,Pregnancy+,< 1 Tahun,,3,2,4,3,3,,3,4,4,3,2,,3,1,1,2,4,,3,3,2,4,4,,3,3,3,3,4,,3,4,3,3,3,,1,3,3,3,2,,4,4,4,3,4,,4,3,3,3,3,,3,4,2,3,2,,3,3,3,2,3,,4,3,2,2,3,2,,2,2,3,,3,3,3,3,3
20 – 25 tahun,Ibu rumah tangga ,SMA/SMK,Jawa Barat,Rp1.000.000 – Rp2.500.000,HalloBumil,> 2 Tahun,,4,4,4,4,4,,4,4,4,4,4,,4,4,4,4,4,,4,4,4,4,4,,4,4,4,4,4,,4,4,4,4,4,,4,4,4,4,4,,4,4,4,4,4,,4,4,4,4,4,,4,4,4,4,4,,4,4,4,4,4,,4,4,4,4,4,4,,4,4,4,,4,4,4,4,4
26 – 30 tahun,Ibu rumah tangga,Diploma,Sulawesi Selatan,Rp2.500.000 – Rp5.000.000,theAsianparent,< 1 Tahun,,4,1,3,3,3,,3,3,3,4,3,,1,1,1,1,2,,3,3,2,4,4,,3,3,3,3,3,,3,3,3,3,3,,1,3,3,4,3,,3,3,3,3,3,,2,1,1,1,3,,2,3,2,2,2,,3,3,3,3,1,,2,2,2,1,2,2,,2,3,3,,3,3,2,4,3
26 – 30 tahun,ASN,Sarjana (S1),Kalimantan Barat,Rp2.500.000 – Rp5.000.000,Teman Bumil,> 2 Tahun,,4,3,4,4,4,,4,4,4,4,4,,3,3,3,3,4,,4,4,3,4,3,,4,4,3,3,3,,3,4,4,3,3,,3,3,3,3,3,,4,4,4,4,4,,2,2,3,3,3,,3,2,3,2,3,,2,2,2,2,1,,3,3,3,2,2,3,,3,3,3,,4,4,4,4,4
31 – 35 tahun,Guru,Sarjana (S1),Kalimantan Barat,Rp5.000.000 – Rp10.000.000,theAsianparent,1 – 2 Tahun,,4,3,3,3,3,,4,4,4,3,4,,4,4,4,3,4,,4,4,2,4,4,,4,4,4,4,4,,4,4,3,3,4,,4,3,4,4,4,,4,4,4,4,4,,4,4,4,4,4,,4,4,4,3,4,,4,3,4,4,4,,3,3,3,4,3,3,,4,4,4,,4,4,3,4,3
26 – 30 tahun,Guru,Magister (S2),Kalimantan Barat,Rp2.500.000 – Rp5.000.000,Flo,1 – 2 Tahun,,3,2,3,3,3,,2,2,2,2,2,,2,2,2,2,3,,2,3,2,3,3,,2,2,2,2,1,,2,2,2,3,3,,3,3,2,2,2,,2,2,3,3,3,,3,2,3,3,3,,2,3,3,3,2,,3,3,3,3,3,,3,3,2,3,2,3,,3,2,3,,3,2,2,2,2
26 – 30 tahun,IRT,Sarjana (S1),Sulawesi Selatan,Rp1.000.000 – Rp2.500.000,Teman Bumil,< 1 Tahun,,3,3,4,4,4,,4,3,4,2,4,,4,4,3,3,4,,3,3,3,4,3,,4,4,4,4,4,,4,4,3,2,2,,2,3,3,4,4,,1,3,1,1,2,,1,2,2,2,2,,4,4,2,1,2,,1,2,2,1,4,,2,3,3,2,4,1,,3,4,3,,4,4,4,3,3
31 – 35 tahun,Karyawan Swasta,Sarjana (S1),Jawa Barat,Rp5.000.000 – Rp10.000.000,Teman Bumil,< 1 Tahun,,4,3,3,4,3,,4,4,3,4,4,,3,2,2,2,3,,3,4,3,4,4,,4,4,3,3,4,,4,3,2,4,2,,4,3,4,4,4,,4,4,4,4,3,,1,2,2,3,3,,2,3,1,1,1,,3,2,2,2,2,,2,2,2,2,2,4,,4,4,4,,3,3,2,3,3
26 – 30 tahun,Dokter umum,Sarjana (S1),Sumatera Utara,Rp5.000.000 – Rp10.000.000,Flo,> 2 Tahun,,4,1,4,4,4,,4,4,4,4,4,,1,1,1,2,4,,4,4,1,4,4,,4,4,4,4,4,,4,4,4,4,4,,4,4,4,4,4,,4,4,4,4,4,,4,4,4,4,4,,4,4,4,4,4,,4,4,4,4,4,,4,4,4,4,4,4,,4,4,4,,4,4,3,2,4
26 – 30 tahun,Ibu rumah tangga,SMA/SMK,Jawa Timur,Rp1.000.000 – Rp2.500.000,HalloBumil,< 1 Tahun,,3,3,3,4,4,,3,4,4,3,3,,3,3,3,4,3,,3,3,2,3,4,,4,4,4,4,4,,4,4,3,4,3,,2,3,3,4,3,,3,3,3,3,3,,3,3,3,3,4,,2,2,2,2,2,,3,3,3,3,3,,4,3,3,3,3,3,,3,4,3,,3,4,4,4,3
26 – 30 tahun,TNI,Sarjana (S1),DKI Jakarta,Rp5.000.000 – Rp10.000.000,Teman Bumil,< 1 Tahun,,4,4,4,4,4,,4,4,4,4,4,,4,4,4,4,4,,4,4,4,4,4,,4,4,4,4,4,,4,4,4,4,4,,4,3,4,4,3,,4,4,4,4,4,,4,3,3,4,4,,4,4,4,3,4,,3,3,2,2,3,,3,3,3,3,4,4,,4,4,4,,4,4,4,4,4
26 – 30 tahun,ibu rumah tangga ,SMA/SMK,Sulawesi Selatan,Rp2.500.000 – Rp5.000.000,Tidak pernah menggunakan aplikasi kesehatan kehamilan,< 1 Tahun,,4,4,4,3,4,,4,4,3,3,4,,4,4,4,4,4,,4,3,4,4,4,,4,4,4,4,4,,3,3,3,4,4,,4,4,4,4,4,,4,4,3,3,3,,4,3,3,3,4,,3,4,4,4,4,,4,4,4,4,4,,4,4,4,4,4,4,,4,4,4,,4,4,4,4,4
20 – 25 tahun,mahasiswa ,SMA/SMK,Banten,Rp1.000.000 – Rp2.500.000,Tidak pernah menggunakan aplikasi kesehatan kehamilan,< 1 Tahun,,3,3,3,3,3,,3,3,3,3,3,,3,3,3,3,3,,3,2,2,3,3,,3,3,3,3,3,,3,3,3,3,3,,3,3,3,3,3,,3,3,3,3,3,,3,3,3,3,3,,3,3,3,3,3,,1,1,1,1,1,,3,3,3,3,3,3,,3,3,3,,3,3,3,3,3
31 – 35 tahun,Bidan,Diploma,Bali,Rp2.500.000 – Rp5.000.000,theAsianparent,> 2 Tahun,,4,4,4,4,4,,4,4,4,4,4,,4,4,4,4,4,,4,4,4,4,4,,3,3,3,3,3,,3,4,3,3,3,,3,3,3,3,3,,3,3,3,3,3,,4,4,4,3,3,,3,3,3,3,3,,3,3,3,3,3,,3,3,3,2,3,3,,3,3,3,,4,3,3,3,3
31 – 35 tahun,Dosen,Magister (S2),Jawa Barat,> Rp10.000.000,Flo,< 1 Tahun,,4,1,3,3,3,,3,4,4,4,3,,2,2,1,1,3,,3,3,2,3,3,,3,3,4,3,2,,3,3,2,3,3,,4,4,3,3,3,,3,3,3,2,3,,2,2,2,3,3,,3,3,2,2,3,,2,2,2,1,1,,3,3,3,2,2,3,,3,3,3,,2,2,2,3,2
20 – 25 tahun,Pegawai Swasta,Sarjana (S1),Jawa Barat,> Rp10.000.000,Flo,> 2 Tahun,,4,3,4,3,4,,4,3,3,3,3,,3,3,3,3,4,,4,4,3,4,4,,3,4,4,3,3,,3,3,3,3,3,,4,4,4,3,3,,4,4,4,4,4,,3,3,3,3,3,,3,2,3,4,4,,3,3,3,3,3,,3,3,3,3,3,4,,4,4,3,,4,4,3,4,3
20 – 25 tahun,Ibu rumah tangga ,SMA/SMK,Jawa Barat,Rp5.000.000 – Rp10.000.000,Pregnancy+,< 1 Tahun,,4,4,4,4,4,,4,4,4,4,4,,4,4,4,4,4,,4,4,4,4,4,,4,4,4,4,4,,4,4,4,4,4,,4,4,4,4,4,,4,4,4,4,4,,4,4,4,4,4,,4,4,4,4,4,,4,4,4,4,4,,4,4,4,4,4,4,,4,4,4,,4,4,4,4,4
26 – 30 tahun,IRT,Sarjana (S1),Jawa Barat,Rp2.500.000 – Rp5.000.000,Pregnancy+,1 – 2 Tahun,,4,1,4,4,4,,4,4,4,4,4,,4,1,1,4,3,,3,4,1,4,2,,3,3,3,3,4,,3,3,3,3,3,,3,3,3,3,3,,3,3,3,3,3,,3,2,3,3,3,,2,3,2,2,2,,3,3,3,2,2,,3,3,3,2,3,3,,3,3,3,,3,3,3,3,3
20 – 25 tahun,Wiraswasta ,Sarjana (S1),Jawa Timur,< Rp1.000.000,Pregnancy+,< 1 Tahun,,3,3,3,3,3,,3,3,3,3,3,,3,3,3,3,3,,3,3,3,3,3,,3,3,3,3,3,,3,3,3,3,3,,3,3,3,3,1,,3,3,3,3,3,,3,3,3,3,3,,3,3,3,1,3,,3,3,3,3,3,,4,4,3,3,3,3,,3,3,3,,3,3,3,3,3
20 – 25 tahun,Pengusaha,SMA/SMK,Jawa Barat,Rp5.000.000 – Rp10.000.000,HalloBumil,< 1 Tahun,,4,4,4,4,3,,2,3,3,4,4,,4,4,4,4,4,,4,4,4,4,4,,3,2,4,1,4,,1,4,3,4,4,,4,3,4,4,4,,4,4,4,4,4,,4,4,4,4,4,,3,4,4,3,4,,4,4,4,2,4,,4,4,4,1,1,3,,3,4,4,,4,3,4,2,4
26 – 30 tahun,Tidak bekerja,Sarjana (S1),Riau,Rp2.500.000 – Rp5.000.000,Pregnancy+,< 1 Tahun,,3,2,4,3,3,,2,4,4,4,3,,3,2,2,1,2,,3,3,1,4,4,,4,4,3,3,3,,3,3,2,3,3,,2,3,3,3,2,,2,3,2,2,2,,2,2,2,2,2,,1,4,2,2,3,,2,2,2,2,2,,3,3,3,2,2,2,,3,3,3,,3,3,2,3,3
20 – 25 tahun,Ibu rumah tangga ,SMA/SMK,Jawa Barat,< Rp1.000.000,HalloBumil,< 1 Tahun,,3,3,3,2,3,,3,3,3,3,3,,3,3,2,3,3,,3,2,2,3,3,,3,3,3,2,3,,3,3,2,2,2,,3,3,2,3,3,,3,3,3,3,2,,2,3,2,3,3,,3,3,3,2,3,,2,3,2,2,2,,3,3,3,2,3,2,,3,3,3,,3,3,2,3,3
20 – 25 tahun,Karyawan Swasta,Diploma,Jawa Tengah,Rp1.000.000 – Rp2.500.000,Flo,> 2 Tahun,,3,3,3,3,2,,3,3,3,3,3,,3,2,3,2,3,,3,3,3,3,3,,3,3,4,3,3,,3,3,3,3,3,,3,3,3,3,3,,3,3,3,3,3,,2,2,2,2,2,,3,3,3,2,3,,3,3,3,3,3,,2,2,2,2,2,2,,3,3,3,,3,3,3,3,3
31 – 35 tahun,Guru,Magister (S2),Jawa Timur,Rp2.500.000 – Rp5.000.000,HalloBumil,> 2 Tahun,,4,3,4,4,4,,4,4,4,4,4,,3,3,3,3,4,,4,4,3,4,4,,4,4,4,4,4,,4,4,4,4,4,,4,4,4,4,4,,4,4,4,4,4,,2,1,2,3,3,,4,4,4,4,4,,4,4,4,4,4,,1,3,4,4,4,4,,4,4,4,,4,4,4,4,4
> 35 tahun,Swasta,Sarjana (S1),Jawa Timur,Rp5.000.000 – Rp10.000.000,Teman Bumil,< 1 Tahun,,4,2,3,4,4,,4,3,3,4,4,,1,1,1,1,3,,4,3,3,3,3,,3,3,2,3,2,,2,4,3,3,3,,2,3,3,3,3,,3,3,3,3,4,,2,2,2,2,2,,2,3,1,2,2,,3,3,3,1,1,,3,3,3,4,3,3,,3,3,3,,3,3,3,2,3
31 – 35 tahun,Guru,Sarjana (S1),Jawa Timur,Rp2.500.000 – Rp5.000.000,Pregnancy+,< 1 Tahun,,4,2,4,2,3,,4,4,4,4,3,,2,2,2,3,4,,3,4,3,4,3,,4,4,3,3,3,,3,4,4,3,3,,4,3,3,4,4,,4,4,4,4,4,,2,2,2,4,3,,2,3,3,2,2,,4,2,3,2,2,,3,3,4,4,3,4,,4,4,3,,4,4,2,3,3
31 – 35 tahun,Ibu rumah tangga ,Sarjana (S1),Jawa Tengah,Rp2.500.000 – Rp5.000.000,theAsianparent,1 – 2 Tahun,,3,1,3,2,2,,4,3,3,3,2,,1,1,1,2,3,,3,3,3,3,3,,3,2,2,3,3,,2,2,2,3,3,,3,3,3,2,3,,3,3,3,3,3,,3,3,3,3,3,,3,2,2,2,3,,3,3,3,3,3,,3,3,3,3,3,3,,3,3,3,,2,2,2,3,3
20 – 25 tahun,Ibu rumah tangga,SMP,Jawa Barat,Rp2.500.000 – Rp5.000.000,Pregnancy+,< 1 Tahun,,4,3,4,3,3,,3,4,4,4,3,,3,3,4,3,3,,3,3,3,4,4,,3,4,4,3,3,,3,3,3,3,3,,3,3,3,3,4,,3,2,3,3,3,,3,3,2,3,3,,3,3,3,3,3,,3,3,3,3,3,,3,2,2,2,3,3,,3,3,3,,4,4,3,4,4
20 – 25 tahun,Ibu rumah tangga,SMA/SMK,Jawa Barat,Rp1.000.000 – Rp2.500.000,Pregnancy+,< 1 Tahun,,3,2,3,3,2,,3,4,4,3,3,,2,1,1,2,2,,2,2,2,3,3,,3,3,3,2,3,,3,3,2,3,2,,2,3,3,3,3,,3,3,3,3,2,,2,2,2,2,3,,3,2,3,2,2,,4,3,4,4,4,,3,3,2,2,2,3,,3,3,3,,1,2,1,3,3
20 – 25 tahun,Ibu rumah tangga ,SMA/SMK,Jawa Timur,< Rp1.000.000,Pregnancy+,< 1 Tahun,,4,3,4,4,3,,3,3,3,3,3,,3,3,3,3,3,,3,3,3,3,3,,3,3,3,3,3,,3,3,3,4,3,,3,4,3,3,3,,3,3,3,3,3,,3,3,3,3,3,,3,3,4,3,4,,3,3,3,3,3,,4,3,4,2,2,2,,3,4,4,,4,4,3,3,3
20 – 25 tahun,Guru,Sarjana (S1),Sulawesi Utara,Rp2.500.000 – Rp5.000.000,HalloBumil,< 1 Tahun,,4,4,4,4,4,,4,4,4,4,4,,4,4,4,4,4,,4,4,4,4,4,,4,4,4,4,4,,3,3,3,3,3,,3,3,3,3,3,,3,3,3,3,3,,3,3,3,3,3,,1,1,1,1,3,,3,3,3,3,2,,3,3,3,3,3,3,,3,3,3,,4,4,4,4,4
26 – 30 tahun,Dosen,Magister (S2),Sumatera Utara,Rp5.000.000 – Rp10.000.000,theAsianparent,< 1 Tahun,,4,1,4,4,3,,4,4,3,4,4,,4,4,1,2,2,,4,4,1,4,3,,4,4,4,4,4,,4,3,4,3,3,,4,4,4,3,3,,4,4,4,3,4,,4,4,4,4,4,,4,4,4,4,4,,4,3,3,2,1,,4,4,4,4,4,4,,4,4,4,,4,4,3,4,4
31 – 35 tahun,Ibu rumah tangga,Doktor (S3),Jawa Timur,Rp5.000.000 – Rp10.000.000,Tentang Anak,> 2 Tahun,,4,2,4,4,4,,2,3,3,2,3,,3,2,2,2,4,,3,4,3,4,4,,3,3,3,2,2,,2,3,3,3,3,,3,3,3,3,2,,3,3,3,2,1,,2,1,1,2,2,,1,1,2,1,2,,3,3,2,2,2,,3,2,3,3,3,3,,4,4,4,,4,4,2,4,4
> 35 tahun,Dosen,Doktor (S3),Sulawesi Selatan,> Rp10.000.000,Tidak pernah menggunakan aplikasi kesehatan kehamilan,< 1 Tahun,,3,4,3,2,2,,3,3,3,3,3,,3,2,2,2,2,,3,3,3,3,3,,3,3,3,2,1,,2,1,1,2,2,,2,2,2,2,2,,3,3,3,3,2,,3,3,3,2,2,,3,3,1,1,2,,2,2,2,2,2,,2,2,2,2,2,3,,3,3,3,,2,3,3,3,3
31 – 35 tahun,Honorer ,Diploma,Sulawesi Tenggara,< Rp1.000.000,Pregnancy+,< 1 Tahun,,4,4,4,4,4,,4,4,4,4,4,,4,4,4,4,4,,4,4,4,4,4,,4,4,4,4,4,,4,4,4,4,4,,4,4,4,4,4,,4,4,4,4,4,,4,4,4,4,4,,4,4,4,4,4,,4,4,4,4,4,,4,4,4,4,4,4,,4,4,4,,4,4,4,4,4
31 – 35 tahun,Pegawai Swasta,Sarjana (S1),Nusa Tenggara Timur,Rp2.500.000 – Rp5.000.000,HalloBumil,< 1 Tahun,,4,2,4,3,3,,2,3,3,3,3,,3,2,2,2,3,,2,3,2,4,3,,3,3,3,3,2,,3,2,2,3,3,,1,3,3,3,2,,3,3,3,2,3,,1,2,2,3,3,,3,3,2,2,3,,3,3,2,2,2,,3,3,3,3,3,3,,3,3,3,,3,3,2,3,2
20 – 25 tahun,IRT,SMA/SMK,Bengkulu,Rp2.500.000 – Rp5.000.000,Pregnancy+,< 1 Tahun,,4,4,4,4,4,,4,4,4,4,4,,4,4,4,4,4,,4,4,2,4,4,,4,4,4,4,4,,4,4,4,4,4,,3,4,4,4,4,,4,4,4,3,3,,2,3,2,2,3,,2,2,2,1,3,,3,3,3,3,3,,4,4,4,2,2,3,,3,3,3,,4,4,4,4,4
26 – 30 tahun,IRT,SMA/SMK,Bali,Rp2.500.000 – Rp5.000.000,Tidak pernah menggunakan aplikasi kesehatan kehamilan,< 1 Tahun,,4,4,4,4,4,,4,4,4,4,4,,4,4,4,4,4,,4,4,4,4,4,,4,4,4,4,4,,4,4,4,4,4,,4,4,4,4,4,,4,4,4,4,4,,4,4,4,4,4,,4,4,4,4,4,,4,4,4,4,4,,4,4,4,4,4,4,,4,4,4,,4,4,4,4,4
> 35 tahun,Dosen,Magister (S2),Nusa Tenggara Timur,> Rp10.000.000,Tidak pernah menggunakan aplikasi kesehatan kehamilan,< 1 Tahun,,4,3,4,4,4,,4,4,4,3,4,,3,3,4,3,4,,4,3,4,3,4,,4,4,4,4,3,,4,4,3,4,4,,3,4,4,4,3,,3,3,3,3,3,,3,2,2,2,3,,3,3,2,2,3,,3,3,2,2,2,,4,4,3,3,3,3,,3,4,3,,4,4,4,4,4
31 – 35 tahun,PNS,Magister (S2),Nusa Tenggara Timur,Rp5.000.000 – Rp10.000.000,Diary Bunda,< 1 Tahun,,4,3,3,3,3,,4,4,4,4,3,,3,3,3,3,3,,3,4,3,4,4,,4,4,4,3,4,,3,4,2,3,3,,3,3,3,3,3,,3,3,3,3,3,,2,2,2,3,3,,2,3,2,2,2,,3,3,3,2,2,,3,3,3,3,3,3,,3,3,3,,3,3,3,3,3
26 – 30 tahun,Karyawan Swasta,Sarjana (S1),Jawa Barat,Rp1.000.000 – Rp2.500.000,Pregnancy+,< 1 Tahun,,4,3,4,3,3,,3,3,3,3,3,,3,3,3,3,3,,3,3,3,3,3,,3,3,3,3,3,,3,3,3,3,3,,3,3,3,3,3,,3,3,3,3,3,,3,3,3,3,3,,3,3,3,3,3,,3,3,3,3,3,,3,3,3,3,3,3,,3,3,3,,3,3,3,3,3
<  20 tahun,Ibu Rumah Tangga,SMA/SMK,Lampung,Rp2.500.000 – Rp5.000.000,Pregnancy+,< 1 Tahun,,4,3,3,4,4,,4,4,4,4,4,,1,1,1,1,3,,3,3,1,3,3,,4,4,4,4,4,,4,4,4,4,4,,4,4,4,4,4,,3,3,3,3,4,,2,1,2,3,3,,2,2,3,3,2,,2,2,2,2,2,,3,3,3,1,1,2,,3,1,2,,3,3,3,3,3
20 – 25 tahun,IRT,SMA/SMK,Jawa Barat,Rp2.500.000 – Rp5.000.000,Pregnancy+,< 1 Tahun,,4,3,4,4,4,,3,4,4,3,3,,3,3,3,4,4,,3,3,3,3,4,,4,4,3,3,3,,3,3,3,4,3,,3,3,3,3,4,,3,3,3,3,3,,3,3,2,3,3,,2,3,2,2,3,,3,3,3,3,3,,3,3,3,2,3,3,,3,3,3,,3,3,3,3,3
26 – 30 tahun,IRT,SMA/SMK,Maluku Utara,Rp2.500.000 – Rp5.000.000,Pregnancy+,< 1 Tahun,,3,3,4,3,3,,3,3,3,4,3,,3,3,3,3,3,,3,3,3,3,3,,3,3,3,3,3,,3,3,3,3,3,,3,3,3,3,3,,3,3,3,3,3,,3,3,3,3,3,,3,3,3,2,2,,3,3,3,2,3,,3,3,3,2,2,3,,3,3,3,,3,3,3,3,3
20 – 25 tahun,Wiraswasta,SD,Jawa Timur,Rp1.000.000 – Rp2.500.000,HalloBumil,1 – 2 Tahun,,4,4,4,4,4,,4,4,4,4,4,,4,4,4,4,4,,4,4,4,4,4,,4,4,4,4,4,,4,4,4,4,4,,4,4,4,4,4,,4,4,4,4,4,,3,4,3,3,3,,4,4,4,4,4,,4,4,4,4,4,,3,3,4,4,4,4,,4,4,4,,4,4,4,4,4
20 – 25 tahun,Ibu rumah tangga,SMP,Jawa Barat,Rp1.000.000 – Rp2.500.000,HalloBumil,< 1 Tahun,,4,3,4,3,3,,3,3,3,3,3,,3,3,3,3,3,,3,2,3,3,3,,3,3,3,3,3,,3,3,3,3,3,,3,3,3,3,3,,3,3,3,3,3,,3,3,3,3,3,,3,3,3,3,3,,3,3,3,4,3,,3,3,3,3,3,3,,3,3,3,,3,3,3,3,3
31 – 35 tahun,Ibu rumah tangga,SMA/SMK,Jawa Barat,Rp2.500.000 – Rp5.000.000,Pregnancy+,< 1 Tahun,,4,4,4,4,4,,4,4,4,4,4,,4,4,4,4,4,,4,4,4,4,4,,4,4,4,4,4,,4,4,4,4,4,,4,4,4,4,4,,4,4,4,4,4,,4,4,4,4,4,,4,4,4,4,4,,4,4,4,4,4,,4,4,4,4,4,4,,4,4,4,,4,4,4,4,4
26 – 30 tahun,Ibu rumah tangga,SMP,Jawa Barat,Rp1.000.000 – Rp2.500.000,Tidak pernah menggunakan aplikasi kesehatan kehamilan,< 1 Tahun,,3,3,3,3,2,,3,3,3,3,3,,2,3,4,3,3,,2,3,4,2,3,,2,2,3,3,3,,3,2,2,3,2,,2,3,3,3,3,,3,3,3,3,3,,3,3,3,3,3,,3,3,4,3,3,,3,3,3,3,3,,3,3,3,3,3,3,,3,3,3,,3,3,3,3,4
31 – 35 tahun,guru honorer pedalaman,Sarjana (S1),Nusa Tenggara Timur,< Rp1.000.000,Tidak pernah menggunakan aplikasi kesehatan kehamilan,< 1 Tahun,,3,3,3,3,3,,3,3,3,3,3,,3,3,3,3,3,,3,3,3,2,3,,3,3,3,3,3,,3,3,3,3,3,,3,3,3,3,3,,3,3,3,3,3,,3,3,3,3,3,,4,3,4,2,3,,3,3,4,3,3,,3,3,3,3,3,3,,4,4,4,,3,3,3,3,3
31 – 35 tahun,Ibu rumah tangga,SMA/SMK,Jawa Barat,Rp2.500.000 – Rp5.000.000,Diary Bunda,> 2 Tahun,,4,4,4,4,4,,4,4,4,4,4,,4,4,4,4,4,,4,4,4,4,4,,4,4,4,4,4,,4,4,4,4,4,,4,4,4,4,4,,4,4,4,3,4,,4,4,4,4,4,,3,4,3,3,4,,4,4,4,4,4,,4,4,4,4,3,4,,4,4,4,,4,4,4,4,4
26 – 30 tahun,Mengurus rumah tangga,SMA/SMK,Jawa Timur,Rp1.000.000 – Rp2.500.000,Flo,< 1 Tahun,,4,4,4,4,4,,4,4,4,4,4,,3,3,3,3,3,,4,4,3,3,3,,4,4,3,4,4,,3,3,3,3,3,,4,4,4,3,3,,3,3,3,3,3,,2,3,2,3,3,,2,3,3,2,3,,3,3,3,2,2,,3,3,3,2,2,3,,3,3,3,,4,4,3,3,3
25 - 30 tahun,Ibu rumah tangga,;;SMA;;;;,Jawa Barat,;;Rp. 2.500.000 - Rp.5.000.000;;,Tidak Pernah Menggunakan Aplikasi,;;;Tidak pernah menggunakan aplikasi,,3,3,3,3,3,,3,3,3,3,3,,3,3,3,3,3,,3,3,3,3,3,,3,3,3,3,3,,3,3,3,3,3,,3,3,2,2,3,,3,3,3,3,3,,2,2,3,3,3,,3,3,3,3,3,,3,3,2,2,2,,3,3,3,3,3,3,,3,3,3,,3,3,3,4,3
30 - 35 tahun,Ibu rumah tangga,;SMP;;;;;,Jawa Barat,;Rp.1.000.000 - Rp.2.500.000;;;,Tidak Pernah Menggunakan Aplikasi,;;;Tidak pernah menggunakan aplikasi,,3,3,3,3,3,,3,3,3,3,3,,3,3,3,3,3,,3,3,3,3,3,,3,3,3,3,3,,3,3,3,3,3,,3,3,3,3,3,,3,3,3,3,3,,3,3,3,3,3,,3,3,3,3,3,,3,3,3,3,3,,3,3,3,3,3,3,,3,3,3,,3,3,3,3,3
20 - 25 tahun,Bidan / Tenaga Kesehatan,;;;;Sarjana (S1);;,Jawa Tengah,;;Rp. 2.500.000 - Rp.5.000.000;;,theAsianParent,< 1 tahun;;;,,3,3,3,3,3,,3,3,3,3,3,,3,3,3,3,3,,3,3,3,3,3,,3,3,3,3,3,,3,3,3,3,3,,3,3,3,3,3,,3,3,3,3,3,,3,3,3,3,3,,3,3,3,3,3,,3,3,3,3,3,,3,3,3,3,3,3,,3,3,3,,3,3,3,3,3
30 - 35 tahun,Ibu rumah tangga,;;;Diploma;;;,Jawa Barat,;Rp.1.000.000 - Rp.2.500.000;;;,Hallo Bumil,< 1 tahun;;;,,3,3,3,3,3,,3,3,3,3,3,,3,3,3,3,3,,3,3,3,3,3,,3,3,3,3,3,,3,3,3,3,3,,3,3,3,3,3,,3,3,3,3,3,,3,3,3,3,3,,3,3,3,3,3,,3,3,3,3,3,,3,3,3,3,3,3,,3,3,3,,3,3,3,3,3
25 - 30 tahun,Pegawai Swasta,;;;;Sarjana (S1);;,Jawa Barat,;;;;> Rp.10.000.000,Flo,;1 - 2 tahun;;,,3,3,3,3,3,,3,3,3,3,3,,3,3,3,3,3,,3,3,3,3,3,,3,3,3,3,3,,3,3,3,3,3,,3,3,3,3,3,,3,3,3,3,3,,2,2,2,2,2,,2,2,2,2,2,,3,3,2,2,2,,3,3,3,3,3,3,,3,3,3,,3,3,3,3,3
25 - 30 tahun,Ibu rumah tangga,;;;;Sarjana (S1);;,Kalimantan Timur,;;Rp. 2.500.000 - Rp.5.000.000;;,Tidak Pernah Menggunakan Aplikasi,;;;Tidak pernah menggunakan aplikasi,,3,3,3,3,3,,3,3,3,3,3,,3,3,3,3,3,,3,3,3,3,3,,3,3,3,3,3,,3,3,3,3,3,,3,3,3,3,3,,3,3,3,3,3,,3,3,3,3,3,,3,3,3,3,3,,3,3,3,3,3,,3,3,3,3,3,3,,3,3,3,,3,3,3,3,3
30 - 35 tahun,Ibu rumah tangga,;;;;Sarjana (S1);;,Banten,;;Rp. 2.500.000 - Rp.5.000.000;;,HaiBunda,;1 - 2 tahun;;,,3,3,3,3,3,,3,3,3,3,3,,3,3,3,3,3,,3,3,3,3,3,,3,3,3,3,3,,3,3,3,3,3,,3,3,3,3,3,,3,3,3,3,3,,3,3,3,3,3,,3,3,3,2,2,,3,3,3,3,3,,3,3,3,3,3,3,,3,3,3,,3,3,3,3,3
30 - 35 tahun,Lain - lain,;;;;Sarjana (S1);;,Jawa Barat,;;Rp. 2.500.000 - Rp.5.000.000;;,Hallo Bumil,;;> 2 tahun;,,4,4,4,3,4,,3,4,3,3,4,,4,4,2,2,4,,4,4,4,3,3,,4,4,4,4,4,,4,2,4,4,4,,4,4,4,3,3,,3,3,3,4,3,,3,3,3,4,4,,2,2,2,2,2,,4,3,3,2,2,,3,3,3,3,3,4,,4,4,4,,3,3,3,3,3
< 20 tahun,Ibu rumah tangga,;;;;Sarjana (S1);;,Jawa Barat,;Rp.1.000.000 - Rp.2.500.000;;;,Teman Bumil,< 1 tahun;;;,,3,3,3,3,3,,3,3,3,3,3,,3,3,3,3,3,,3,3,3,3,3,,3,3,3,3,3,,3,3,3,3,3,,3,3,3,3,3,,3,3,3,3,4,,3,3,3,3,3,,3,3,3,3,3,,3,3,3,3,3,,3,3,3,3,3,3,,3,3,3,,3,3,3,3,3
30 - 35 tahun,Ibu rumah tangga,;;;;Sarjana (S1);;,Sulawesi Tengah,;;;Rp.5.000.000 - Rp.10.000.000;,Primaku,;1 - 2 tahun;;,,3,3,3,3,3,,3,3,3,3,3,,3,3,3,3,3,,3,3,3,3,3,,3,3,3,3,3,,3,3,3,3,3,,3,3,3,3,3,,3,3,3,3,3,,4,3,4,3,4,,3,2,2,2,3,,3,3,2,2,2,,3,3,3,3,3,3,,3,3,3,,4,4,3,3,3
> 35 tahun,Pegawai Swasta,;;;;Sarjana (S1);;,Jawa Timur,;;;Rp.5.000.000 - Rp.10.000.000;,Tidak Pernah Menggunakan Aplikasi,;;;Tidak pernah menggunakan aplikasi,,3,3,3,3,3,,3,3,3,3,3,,3,3,2,2,3,,3,3,3,3,3,,3,3,3,3,3,,3,3,3,3,3,,3,3,3,3,3,,3,3,3,3,3,,3,3,3,3,3,,3,3,3,3,3,,3,3,3,3,3,,3,3,3,3,3,3,,3,3,3,,3,3,3,3,3
> 35 tahun,Ibu rumah tangga,;;SMA;;;;,Jawa Tengah,< Rp. 1.000.000;;;;,Tidak Pernah Menggunakan Aplikasi,;;;Tidak pernah menggunakan aplikasi,,3,3,3,3,3,,3,3,3,3,3,,3,3,3,3,3,,3,3,3,3,3,,3,3,3,3,3,,3,3,3,3,3,,3,3,3,3,3,,3,3,3,3,3,,3,3,3,3,3,,3,3,3,3,3,,3,3,3,3,3,,3,3,3,3,3,3,,3,3,3,,3,3,3,3,3
25 - 30 tahun,Ibu rumah tangga,;;SMA;;;;,Kalimantan Timur,;;;Rp.5.000.000 - Rp.10.000.000;,Flo,;;> 2 tahun;,,3,3,3,3,3,,3,3,3,3,3,,2,2,2,2,3,,3,3,3,3,3,,3,3,3,3,3,,3,2,2,3,3,,3,3,3,3,3,,3,3,3,3,3,,3,3,2,3,3,,3,3,3,1,3,,1,1,1,1,1,,3,3,3,3,3,3,,3,3,3,,3,4,2,3,3
30 - 35 tahun,Pegawai Swasta,;;;;Sarjana (S1);;,Jawa Timur,;;;Rp.5.000.000 - Rp.10.000.000;,Tidak Pernah Menggunakan Aplikasi,;;;Tidak pernah menggunakan aplikasi,,3,3,3,3,3,,3,3,3,3,3,,3,3,3,3,3,,3,3,3,3,3,,3,3,3,3,3,,3,3,3,3,3,,3,3,3,3,3,,3,3,3,3,3,,3,3,3,3,3,,3,3,3,3,3,,3,3,3,3,3,,3,3,3,3,3,3,,3,3,3,,3,3,3,3,3
30 - 35 tahun,Bidan / Tenaga Kesehatan,;;;Diploma;;;,Sumatera Selatan,;;;Rp.5.000.000 - Rp.10.000.000;,Flo,;1 - 2 tahun;;,,4,4,4,4,4,,4,4,4,4,4,,4,4,4,4,4,,4,4,4,4,4,,4,4,4,4,4,,4,4,4,4,4,,4,4,4,4,4,,4,4,4,4,4,,4,4,4,4,4,,4,4,4,4,4,,4,4,4,4,4,,4,4,4,4,4,4,,4,4,4,,4,4,4,4,4
30 - 35 tahun,Lain - lain,;;SMA;;;;,Sumatera Utara,;;;Rp.5.000.000 - Rp.10.000.000;,Tidak Pernah Menggunakan Aplikasi,;;;Tidak pernah menggunakan aplikasi,,3,4,3,3,4,,4,3,3,3,4,,4,3,3,4,4,,4,3,4,4,3,,4,4,4,4,3,,3,3,4,4,3,,3,3,3,3,4,,3,3,3,3,3,,3,3,3,3,4,,3,3,3,3,3,,3,3,3,4,3,,3,4,3,3,4,4,,3,4,3,,4,3,4,3,4
20 - 25 tahun,Ibu rumah tangga,;;SMA;;;;,DIY Yogyakarta,< Rp. 1.000.000;;;;,Pregnancy+ / Kehamilan+,< 1 tahun;;;,,3,3,3,3,3,,3,3,3,3,3,,3,3,3,3,3,,3,3,3,3,3,,3,3,3,3,3,,3,3,3,3,3,,3,3,3,3,3,,3,3,3,3,3,,3,3,3,3,3,,3,3,3,3,3,,3,4,3,3,3,,3,3,3,3,3,3,,3,3,3,,3,3,3,3,3
30 - 35 tahun,Ibu rumah tangga,;;SMA;;;;,Jawa Barat,;;;;> Rp.10.000.000,Teman Bumil,< 1 tahun;;;,,3,3,3,3,3,,3,3,3,3,3,,3,3,3,3,3,,3,3,3,3,3,,3,3,3,3,3,,3,3,3,3,3,,3,3,3,3,3,,3,3,3,3,3,,3,3,3,3,3,,3,3,3,3,3,,3,3,3,3,3,,3,3,3,3,3,3,,3,3,3,,3,3,3,3,3
> 35 tahun,Ibu rumah tangga,;;;;;Magister (S2);,DIY Yogyakarta,;;Rp. 2.500.000 - Rp.5.000.000;;,Flo,< 1 tahun;;;,,3,3,3,3,3,,3,3,3,3,3,,3,3,3,3,3,,3,3,3,3,3,,3,3,3,3,3,,3,3,3,3,3,,3,3,3,3,3,,3,3,3,3,3,,3,3,3,3,3,,3,3,3,3,4,,3,3,3,3,3,,3,3,3,3,3,3,,2,3,3,,3,3,2,2,3
30 - 35 tahun,Ibu rumah tangga,;;;;Sarjana (S1);;,Jawa Tengah,;;Rp. 2.500.000 - Rp.5.000.000;;,theAsianParent,;;> 2 tahun;,,3,3,3,3,3,,3,3,3,3,3,,3,3,3,3,3,,3,3,3,3,3,,3,3,3,3,3,,3,3,3,3,3,,3,3,3,3,3,,3,3,3,3,3,,3,3,3,3,3,,2,3,3,2,3,,3,3,3,3,3,,3,3,3,3,3,3,,3,3,3,,3,3,3,3,3
> 35 tahun,Ibu rumah tangga,;;;;Sarjana (S1);;,Jawa Barat,;;;Rp.5.000.000 - Rp.10.000.000;,Tidak Pernah Menggunakan Aplikasi,;;;Tidak pernah menggunakan aplikasi,,3,3,3,2,3,,2,2,2,3,3,,2,2,2,2,2,,2,3,2,2,2,,2,2,2,3,3,,3,2,2,2,2,,2,2,2,3,1,,2,3,2,3,2,,2,2,2,2,2,,4,3,3,3,3,,2,2,1,1,2,,2,3,3,2,2,3,,3,3,2,,2,2,2,2,3
30 - 35 tahun,Ibu rumah tangga,;;SMA;;;;,Jawa Tengah,;Rp.1.000.000 - Rp.2.500.000;;;,Flo,;;> 2 tahun;,,4,4,4,4,4,,4,4,4,4,4,,4,4,4,4,4,,4,4,4,4,4,,4,4,4,4,4,,4,4,4,4,4,,4,4,4,4,4,,3,4,3,4,3,,4,4,4,4,4,,4,4,4,4,4,,4,4,4,4,4,,4,4,4,4,4,4,,4,4,4,,4,3,4,4,3
30 - 35 tahun,Ibu rumah tangga,;;;;Sarjana (S1);;,Kalimantan Selatan,;;Rp. 2.500.000 - Rp.5.000.000;;,Teman Bumil,;;> 2 tahun;,,3,3,4,3,4,,3,3,3,3,3,,3,3,3,3,3,,3,3,3,3,3,,3,3,3,3,3,,3,3,3,3,3,,3,3,3,3,3,,3,3,3,3,3,,3,3,3,3,3,,3,3,3,3,3,,3,3,3,3,3,,3,3,3,3,3,3,,3,3,3,,3,3,3,3,3
30 - 35 tahun,Pegawai Swasta,;;;;Sarjana (S1);;,Jawa Barat,;;;Rp.5.000.000 - Rp.10.000.000;,theAsianParent,;;> 2 tahun;,,3,3,3,3,3,,3,3,3,3,3,,3,3,3,3,3,,3,3,3,3,3,,3,3,3,3,3,,3,3,3,3,3,,3,3,3,3,3,,3,3,3,3,3,,3,3,3,3,3,,3,3,3,3,3,,3,3,3,3,2,,3,3,3,3,3,3,,3,3,3,,3,3,2,3,3
30 - 35 tahun,Pegawai Swasta,Sarjana (S1),Kalimantan Timur,Rp. 2.500.000 - Rp.5.000.000,theAsianParent,< 1 tahun,,4,4,4,4,4,,4,4,4,4,4,,4,4,4,4,4,,4,4,4,4,4,,4,4,4,4,4,,4,4,4,4,4,,4,4,4,4,4,,3,3,3,3,3,,3,3,3,3,3,,4,4,4,4,4,,3,3,2,3,3,,4,4,4,4,4,4,,4,4,4,,4,4,4,4,4
30 - 35 tahun,Pegawai Swasta,SMA,Kalimantan Selatan,Rp. 2.500.000 - Rp.5.000.000,Flo,> 2 tahun,,3,3,3,3,3,,3,3,3,3,3,,3,3,3,3,3,,3,3,3,3,3,,3,3,3,3,3,,3,3,3,3,3,,3,3,3,3,3,,3,3,3,3,3,,2,2,2,3,3,,3,3,3,3,3,,3,3,3,3,3,,3,3,3,3,3,3,,3,3,3,,4,4,3,4,4
20 - 25 tahun,Lain - lain,SMA,Sulawesi Selatan,Rp.1.000.000 - Rp.2.500.000,Tidak Pernah Menggunakan Aplikasi,Tidak pernah menggunakan aplikasi,,3,3,3,3,3,,3,3,3,3,3,,3,3,3,3,3,,3,3,3,3,3,,3,3,3,3,3,,3,3,3,3,3,,3,3,3,3,3,,3,3,3,3,3,,3,3,3,3,3,,3,3,3,3,3,,3,3,3,3,3,,3,3,3,3,3,3,,3,3,3,,3,3,3,3,3
20 - 25 tahun,Ibu Rumah Tangga,Sarjana (S1),Sumatera Utara,Rp.1.000.000 - Rp.2.500.000,Teman Bumil,< 1 tahun,,3,3,3,3,3,,3,3,3,3,3,,3,3,3,3,3,,3,3,3,3,3,,3,3,3,3,3,,3,3,3,3,3,,3,3,3,3,3,,3,3,3,3,3,,2,3,2,3,3,,3,3,3,3,3,,2,2,2,2,2,,3,3,3,3,3,3,,3,3,3,,3,3,3,3,3
30 - 35 tahun,Bidan / Tenaga Kesehatan,Sarjana (S1),Sumatera Barat,Rp.5.000.000 - Rp.10.000.000,Tidak Pernah Menggunakan Aplikasi,Tidak pernah menggunakan aplikasi,,3,3,3,3,3,,3,3,3,3,3,,3,3,3,3,3,,3,3,3,3,3,,3,3,3,3,3,,3,3,3,3,3,,3,3,3,3,3,,3,3,3,3,3,,3,3,3,3,3,,3,3,3,3,3,,3,3,3,3,3,,3,3,3,3,3,3,,3,3,3,,3,3,3,3,3
> 35 tahun,Pegawai Swasta,Sarjana (S1),DIY Yogyakarta,Rp. 2.500.000 - Rp.5.000.000,Tidak Pernah Menggunakan Aplikasi,Tidak pernah menggunakan aplikasi,,3,3,3,3,3,,3,3,3,3,3,,3,3,3,3,3,,3,3,3,3,3,,3,3,3,3,3,,3,3,3,3,3,,3,3,3,3,3,,3,3,3,3,3,,3,3,3,3,3,,3,3,3,3,3,,3,3,3,3,3,,3,3,3,3,3,3,,3,3,3,,3,3,3,3,3
25 - 30 tahun,Guru,Sarjana (S1),Bangka Belitung,Rp.1.000.000 - Rp.2.500.000,Flo,> 2 tahun,,3,3,3,3,3,,3,3,3,3,3,,3,3,3,3,3,,3,3,3,3,3,,3,3,3,3,3,,3,3,3,3,3,,3,3,3,3,3,,3,3,3,3,3,,2,3,3,3,3,,3,3,3,3,3,,2,2,2,4,2,,3,3,3,3,3,3,,3,3,3,,3,3,3,3,3
25 - 30 tahun,Guru,Diploma,Sulawesi Selatan,Rp. 2.500.000 - Rp.5.000.000,Teman Bumil,1 - 2 tahun,,3,3,3,3,4,,3,3,3,3,3,,4,3,3,4,3,,3,4,4,3,4,,4,3,4,4,3,,4,4,4,3,3,,3,3,4,3,3,,4,4,4,4,4,,3,3,3,3,3,,3,3,4,3,4,,3,3,3,3,3,,4,4,3,4,4,4,,3,3,4,,4,4,3,3,3
30 - 35 tahun,Ibu Rumah Tangga,SMA,Kalimantan Tengah,Rp.1.000.000 - Rp.2.500.000,theAsianParent,< 1 tahun,,3,3,3,3,3,,3,3,3,3,3,,3,2,2,2,3,,3,2,2,3,3,,3,3,3,3,3,,3,2,1,3,3,,3,3,3,3,3,,3,3,3,3,3,,3,3,3,3,3,,3,3,3,2,3,,2,2,1,1,1,,3,3,3,3,3,3,,4,4,4,,3,3,2,2,3
25 - 30 tahun,Ibu Rumah Tangga,Sarjana (S1),Sulawesi Tenggara,Rp. 2.500.000 - Rp.5.000.000,Tidak Pernah Menggunakan Aplikasi,Tidak pernah menggunakan aplikasi,,2,2,2,2,2,,2,2,2,2,2,,2,2,2,2,2,,2,2,2,2,2,,2,2,2,2,2,,2,2,2,2,2,,2,2,2,2,2,,2,2,2,2,2,,2,2,2,2,2,,2,2,2,2,2,,2,2,2,2,2,,2,2,2,2,2,2,,2,2,2,,1,2,2,2,2
< 20 tahun,Lain - lain,SMP,DIY Yogyakarta,< Rp. 1.000.000,HaiBunda,Tidak pernah menggunakan aplikasi,,3,3,3,3,3,,3,3,3,3,3,,3,3,3,3,3,,3,3,3,3,3,,3,3,3,3,3,,3,3,3,3,3,,3,3,3,3,3,,3,3,3,3,3,,3,3,3,3,3,,3,3,3,3,3,,3,3,3,3,3,,3,3,3,3,3,3,,3,3,3,,3,3,3,3,3
30 - 35 tahun,Pegawai Swasta,SMA,Sumatera Barat,Rp.1.000.000 - Rp.2.500.000,Tidak Pernah Menggunakan Aplikasi,Tidak pernah menggunakan aplikasi,,4,4,4,4,4,,3,3,4,3,4,,4,3,3,3,3,,4,4,3,3,3,,4,4,4,3,4,,3,4,4,3,3,,3,4,4,3,3,,3,4,3,4,3,,4,3,4,3,4,,4,4,4,4,4,,4,4,4,4,4,,4,4,4,4,4,4,,4,4,4,,4,4,4,4,3
30 - 35 tahun,Ibu Rumah Tangga,Sarjana (S1),Kalimantan Tengah,Rp. 2.500.000 - Rp.5.000.000,Flo,1 - 2 tahun,,3,3,3,3,2,,3,3,3,3,4,,4,3,3,3,3,,3,3,3,3,3,,3,3,3,3,3,,3,3,3,2,3,,3,3,3,3,3,,3,3,3,3,3,,3,3,3,3,3,,3,3,3,3,3,,3,3,3,3,3,,3,3,3,3,3,3,,3,3,3,,3,3,4,4,4
25 - 30 tahun,Ibu Rumah Tangga,SMA,Jambi,Rp. 2.500.000 - Rp.5.000.000,Tidak Pernah Menggunakan Aplikasi,Tidak pernah menggunakan aplikasi,,3,3,3,3,3,,3,3,3,3,3,,3,3,3,3,3,,3,3,3,3,3,,3,3,3,3,3,,3,3,3,3,3,,3,3,3,3,3,,3,3,3,3,3,,3,3,3,3,3,,3,3,3,3,3,,3,3,3,3,3,,3,3,3,3,3,3,,3,3,3,,3,3,3,3,3
25 - 30 tahun,Ibu Rumah Tangga;Guru,Sarjana (S1),Bengkulu,< Rp. 1.000.000,Tidak Pernah Menggunakan Aplikasi,Tidak pernah menggunakan aplikasi,,3,3,3,3,3,,3,3,3,3,3,,3,3,3,3,3,,3,3,3,3,3,,3,3,3,3,3,,3,3,3,3,3,,3,3,3,3,3,,3,3,3,3,3,,2,3,2,3,3,,3,3,3,3,3,,3,3,3,3,3,,3,3,3,3,3,3,,3,3,3,,3,3,3,3,3
25 - 30 tahun,Ibu Rumah Tangga,Sarjana (S1),Nusa Tenggara Barat,Rp.1.000.000 - Rp.2.500.000,Pregnancy+ / Kehamilan+,< 1 tahun,,3,3,3,2,3,,3,3,2,3,3,,2,2,2,2,3,,3,3,2,3,3,,3,3,2,3,3,,2,3,3,2,3,,3,3,3,4,3,,3,3,3,3,3,,3,3,3,3,3,,3,2,3,2,2,,3,3,2,2,2,,3,3,3,3,3,3,,3,3,3,,3,3,3,3,3
30 - 35 tahun,Ibu Rumah Tangga,Sarjana (S1),Sumatera Utara,Rp.1.000.000 - Rp.2.500.000,Tentang Anak,> 2 tahun,,3,3,3,3,3,,3,3,3,3,3,,2,2,2,2,3,,3,3,2,3,3,,3,3,3,3,3,,3,3,3,3,3,,3,3,3,3,3,,3,3,3,3,3,,3,3,3,3,3,,1,2,2,1,3,,1,2,2,1,2,,3,3,3,3,3,3,,4,3,3,,3,3,3,3,3
20 - 25 tahun,Dosen,SMA,Kalimantan Timur,> Rp.10.000.000,Hallo Bumil,< 1 tahun,,3,3,3,3,3,,3,3,3,3,3,,3,3,3,3,3,,3,3,3,3,3,,3,3,3,3,3,,3,3,3,3,3,,3,3,3,3,3,,3,3,3,3,3,,3,3,3,3,3,,2,3,3,3,3,,3,3,3,3,3,,3,3,3,3,3,4,,3,3,3,,3,3,3,3,3
25 - 30 tahun,Pegawai Swasta,SMA,Kalimantan Selatan,Rp.1.000.000 - Rp.2.500.000,Pregnancy+ / Kehamilan+,1 - 2 tahun,,4,4,4,4,4,,4,4,4,4,4,,4,4,4,4,4,,4,4,4,4,4,,4,4,4,4,4,,4,4,4,4,4,,4,4,4,4,4,,4,4,4,4,3,,3,3,4,4,4,,4,4,4,4,4,,4,4,4,4,4,,4,4,4,4,4,4,,4,4,4,,4,4,4,4,4
25 - 30 tahun,Pegawai Negeri Sipil,Sarjana (S1),Nusa Tenggara Timur,Rp.5.000.000 - Rp.10.000.000,Flo,1 - 2 tahun,,3,3,3,3,3,,3,3,3,3,3,,3,3,3,3,3,,3,3,3,3,3,,3,3,3,3,3,,3,3,3,3,3,,3,3,3,3,3,,3,3,3,3,3,,3,3,3,3,3,,3,3,3,3,3,,3,3,3,3,3,,3,3,3,3,3,3,,3,3,3,,3,3,3,3,3
20 - 25 tahun,Ibu Rumah Tangga,SMA,Kalimantan Tengah,Rp.1.000.000 - Rp.2.500.000,Flo,> 2 tahun,,4,4,4,2,4,,4,4,4,4,3,,3,3,3,3,3,,3,3,3,2,4,,4,4,2,4,4,,4,2,2,4,4,,4,4,4,4,2,,3,3,3,3,3,,3,3,3,3,3,,3,3,3,3,3,,4,4,3,3,4,,3,3,3,3,3,3,,3,3,3,,3,4,2,3,3
25 - 30 tahun,Ibu Rumah Tangga,Diploma,Bali,Rp. 2.500.000 - Rp.5.000.000,Flo,> 2 tahun,,4,4,4,4,4,,4,4,4,4,4,,4,4,4,4,4,,4,4,4,4,4,,4,4,4,4,4,,4,4,4,4,4,,4,4,4,4,4,,4,4,4,4,4,,4,4,4,4,4,,4,4,4,4,4,,4,4,4,4,4,,4,4,4,4,4,4,,4,4,4,,4,4,4,4,4
30 - 35 tahun,Ibu Rumah Tangga,Sarjana (S1),Kalimantan Timur,Rp. 2.500.000 - Rp.5.000.000,Tidak Pernah Menggunakan Aplikasi,Tidak pernah menggunakan aplikasi,,3,3,3,3,3,,3,3,3,3,3,,3,3,3,3,3,,3,3,3,3,3,,3,3,3,3,3,,3,3,3,3,3,,3,3,3,3,3,,3,3,3,3,3,,3,3,3,3,3,,3,3,3,3,3,,3,3,3,3,3,,3,3,3,3,3,3,,3,3,3,,3,3,3,3,3
> 35 tahun,Ibu Rumah Tangga,SMA,Banten,< Rp. 1.000.000,Teman Bumil,< 1 tahun,,3,3,3,3,3,,3,3,3,3,3,,3,3,3,3,3,,3,3,3,3,3,,3,3,3,3,3,,3,3,3,3,3,,3,3,3,3,3,,3,3,3,3,3,,3,3,3,3,3,,3,3,3,3,3,,3,3,3,3,3,,3,3,3,3,3,3,,3,3,3,,3,3,3,3,3
25 - 30 tahun,Ibu Rumah Tangga,Sarjana (S1),Sumatera Utara,Rp. 2.500.000 - Rp.5.000.000,Flo,< 1 tahun,,3,3,3,3,3,,3,3,3,3,3,,3,3,3,3,3,,3,3,3,3,3,,3,3,3,3,3,,3,3,3,3,3,,3,3,3,3,3,,3,3,3,3,3,,1,1,1,1,1,,3,3,3,3,3,,3,3,3,3,3,,3,3,3,3,3,3,,3,3,3,,3,3,3,3,3
20 - 25 tahun,Lain - lain,Sarjana (S1),Kalimantan Tengah,< Rp. 1.000.000,Tidak Pernah Menggunakan Aplikasi,Tidak pernah menggunakan aplikasi,,3,3,3,3,3,,3,3,3,3,3,,3,3,3,3,3,,3,3,3,3,3,,3,3,3,3,3,,3,3,3,3,3,,3,3,3,3,3,,3,3,3,3,3,,3,3,3,3,3,,3,3,3,3,3,,3,3,3,3,3,,3,3,3,3,3,3,,3,3,3,,3,3,3,3,3